category,uncertainty
Correct prediction,-0.48396727
Correct prediction,-0.9083724
Correct prediction,-0.94657934
Correct prediction,-0.46382797
Correct prediction,-0.8602752
Correct prediction,-0.650821
Correct prediction,-0.6762737
Correct prediction,-1.2592534
Correct prediction,-0.5988663
Correct prediction,-0.94413984
Correct prediction,-0.9274542
Correct prediction,-0.70917577
Correct prediction,-0.90720063
Correct prediction,-1.3896694
Correct prediction,-0.7499891
Correct prediction,-1.1043599
Correct prediction,-0.90459645
Correct prediction,-0.44740635
Correct prediction,-0.6567115
Correct prediction,-0.7965112
Incorrect prediction,-0.73823625
Correct prediction,-1.2302669
Correct prediction,-0.29000092
Correct prediction,-0.7653159
Correct prediction,-0.7650457
Correct prediction,-1.2293808
Correct prediction,-0.6475064
Correct prediction,-0.7013438
Correct prediction,-0.5771674
Correct prediction,-1.2046567
Correct prediction,-0.78887594
Correct prediction,-1.3861148
Correct prediction,-1.1655111
Correct prediction,-0.11516808
Correct prediction,-1.2332765
Correct prediction,-1.117167
Correct prediction,-0.30853033
Correct prediction,-0.88133997
Correct prediction,-0.80228215
Correct prediction,-0.7076356
Correct prediction,-1.2738291
Correct prediction,-0.87222445
Correct prediction,-0.49303085
Correct prediction,-0.7675409
Incorrect prediction,-0.6509784
Correct prediction,-1.1526216
Correct prediction,-1.2398757
Correct prediction,-0.9004211
Correct prediction,-0.67553437
Correct prediction,-0.6557782
Incorrect prediction,-0.85994726
Correct prediction,-0.9346641
Correct prediction,-1.352421
Correct prediction,-0.49348962
Correct prediction,-0.79092973
Correct prediction,-0.9064976
Correct prediction,-1.217949
Correct prediction,-0.70018375
Correct prediction,-1.1877334
Correct prediction,-0.7046951
Correct prediction,-0.74242043
Correct prediction,-1.0022345
Correct prediction,-0.5961384
Correct prediction,-1.426672
Correct prediction,-1.2307165
Correct prediction,-0.8183847
Correct prediction,-0.32832217
Correct prediction,-1.1989083
Correct prediction,-0.75030357
Correct prediction,-1.1019973
Correct prediction,-1.1053592
Correct prediction,-0.9854044
Correct prediction,-1.2575234
Incorrect prediction,-0.8013042
Correct prediction,-0.79717624
Incorrect prediction,-0.54040843
Correct prediction,-0.79137766
Correct prediction,-1.0863653
Correct prediction,-0.48129243
Correct prediction,-0.42912155
Incorrect prediction,-0.5140034
Correct prediction,-0.8945438
Incorrect prediction,-0.68531764
Correct prediction,-0.9201802
Correct prediction,-1.0542755
Correct prediction,-1.0000689
Incorrect prediction,-0.78508115
Correct prediction,-1.0055494
Correct prediction,-0.5848337
Correct prediction,-1.1336061
Correct prediction,-0.65652174
Correct prediction,-1.2425135
Correct prediction,-0.4899828
Correct prediction,-0.88519037
Correct prediction,-1.1674843
Correct prediction,-1.2451174
Incorrect prediction,-0.67702967
Correct prediction,-1.1463778
Correct prediction,-0.6444227
Correct prediction,-0.667903
Correct prediction,-0.6571279
Incorrect prediction,-0.9278751
Incorrect prediction,-0.6661901
Correct prediction,-0.61697394
Correct prediction,-0.7407404
Correct prediction,-1.0600811
Incorrect prediction,-1.2385334
Incorrect prediction,-0.5545648
Incorrect prediction,-0.6745975
Correct prediction,-1.2325536
Correct prediction,-0.8762036
Correct prediction,0.09575995
Correct prediction,-0.57945424
Correct prediction,-0.43647918
Correct prediction,-0.42543405
Correct prediction,-1.1622131
Correct prediction,-0.6016966
Correct prediction,-0.61568314
Correct prediction,-1.0513467
Incorrect prediction,-1.044517
Correct prediction,-1.0881547
Incorrect prediction,-0.7069538
Correct prediction,-0.5614271
Correct prediction,-1.5317358
Correct prediction,-0.93826574
Incorrect prediction,-0.65867126
Correct prediction,-0.5176161
Correct prediction,-0.4881149
Incorrect prediction,-0.6034384
Correct prediction,-1.0942432
Correct prediction,-1.0727712
Correct prediction,-1.355013
Incorrect prediction,-0.5092823
Correct prediction,-1.0156105
Correct prediction,-0.7862327
Correct prediction,-0.601399
Correct prediction,-0.65984195
Correct prediction,-0.54292846
Correct prediction,-0.7267881
Correct prediction,-0.5577258
Correct prediction,-0.959643
Correct prediction,-1.0737823
Correct prediction,-0.41520858
Correct prediction,-0.8290888
Correct prediction,-1.2000588
Incorrect prediction,-0.4609576
Correct prediction,-1.1994394
Correct prediction,-1.0155956
Correct prediction,-0.87209016
Correct prediction,-0.92842627
Correct prediction,-0.27374366
Correct prediction,-0.9497457
Correct prediction,-0.8277082
Correct prediction,-0.6001254
Correct prediction,-1.0693493
Correct prediction,-0.65812826
Correct prediction,-1.1327096
Correct prediction,-0.9911833
Correct prediction,-0.8234368
Correct prediction,-0.93504894
Correct prediction,-0.39206466
Correct prediction,-0.6416231
Correct prediction,-1.0633352
Correct prediction,-1.0159729
Correct prediction,-0.30570608
Correct prediction,-0.73840433
Correct prediction,-0.12760243
Incorrect prediction,-0.3863028
Correct prediction,-0.5368377
Correct prediction,-0.9838272
Correct prediction,-0.7371101
Incorrect prediction,-0.31438622
Correct prediction,-1.0605413
Correct prediction,-0.81052524
Correct prediction,-1.1588832
Correct prediction,-0.3204755
Incorrect prediction,-0.6893692
Correct prediction,-0.78418124
Correct prediction,-0.8960777
Correct prediction,-1.499687
Correct prediction,-0.61851823
Correct prediction,-1.2850493
Incorrect prediction,-0.48150513
Correct prediction,-1.2980895
Incorrect prediction,-0.68507254
Correct prediction,-1.2139579
Correct prediction,-1.1062884
Correct prediction,-1.0053827
Correct prediction,-1.1582702
Correct prediction,-0.9550411
Correct prediction,-0.49137047
Incorrect prediction,-0.7637953
Correct prediction,-0.7252715
Correct prediction,-0.8835962
Correct prediction,-0.93671215
Incorrect prediction,-0.9575956
Correct prediction,-0.60370123
Correct prediction,-0.79304004
Correct prediction,-1.4365958
Correct prediction,-1.0871054
Correct prediction,-0.85646635
Correct prediction,-1.1468405
Correct prediction,-0.91611135
Correct prediction,-0.88586146
Correct prediction,-0.65944606
Incorrect prediction,-0.66025645
Correct prediction,-0.7099356
Correct prediction,-1.0309862
Incorrect prediction,-0.758888
Correct prediction,-1.1191415
Correct prediction,-1.0602536
Correct prediction,-0.36501324
Correct prediction,-0.58474493
Correct prediction,-0.67650265
Correct prediction,-0.81132436
Incorrect prediction,-0.5994144
Correct prediction,-0.7649748
Correct prediction,-0.90059435
Correct prediction,-0.84841585
Incorrect prediction,-0.88659096
Correct prediction,-0.5651352
Correct prediction,-1.3646065
Correct prediction,-1.1030878
Correct prediction,-0.70054287
Correct prediction,-0.48430485
Correct prediction,-1.0303087
Correct prediction,-0.7410255
Correct prediction,-1.1824768
Incorrect prediction,-0.1805591
Incorrect prediction,-1.0616075
Correct prediction,-0.9403883
Correct prediction,-0.9964516
Correct prediction,-0.6956815
Correct prediction,-0.9229348
Correct prediction,-0.78675437
Correct prediction,-1.5746752
Correct prediction,-0.57792664
Correct prediction,-0.11919265
Correct prediction,-0.66295075
Correct prediction,-1.0350546
Incorrect prediction,-1.2439287
Correct prediction,-0.9729161
Correct prediction,-1.0923642
Correct prediction,-0.9560543
Correct prediction,-0.44199985
Correct prediction,-1.0237672
Incorrect prediction,-0.6819119
Correct prediction,-1.2108506
Correct prediction,-1.2931621
Correct prediction,-0.6856925
Correct prediction,-0.5405956
Correct prediction,-0.7670601
Correct prediction,0.071725816
Correct prediction,-1.1596271
Correct prediction,-1.2220777
Correct prediction,-0.8569158
Correct prediction,-0.4371055
Incorrect prediction,-0.6764122
Correct prediction,-0.94683117
Incorrect prediction,-1.3079175
Correct prediction,-0.9288493
Incorrect prediction,-1.0273333
Correct prediction,-0.7560344
Incorrect prediction,-0.57130116
Correct prediction,-0.8469989
Correct prediction,-0.40609497
Correct prediction,-0.606886
Correct prediction,-0.9042227
Correct prediction,-1.0041724
Correct prediction,-0.7316177
Correct prediction,-0.7619063
Correct prediction,-0.015812421
Correct prediction,-0.35054776
Correct prediction,-1.100653
Correct prediction,-1.1567329
Correct prediction,-0.8457729
Correct prediction,-0.9124119
Incorrect prediction,-1.1704104
Correct prediction,-0.5673032
Incorrect prediction,-1.028219
Correct prediction,-0.89887106
Correct prediction,-0.8925057
Correct prediction,-0.4731545
Correct prediction,-1.1652405
Correct prediction,-0.87987506
Incorrect prediction,-1.0063267
Correct prediction,-0.8287007
Incorrect prediction,-0.72082156
Correct prediction,-0.9936133
Incorrect prediction,-1.2220246
Correct prediction,-0.46924222
Correct prediction,-0.49924782
Correct prediction,-0.7665735
Correct prediction,-1.1251413
Correct prediction,-1.0659298
Correct prediction,-0.39552087
Correct prediction,-0.30893183
Incorrect prediction,-0.522496
Correct prediction,-1.0316465
Incorrect prediction,-0.32912213
Correct prediction,-0.97237056
Correct prediction,-0.8644335
Correct prediction,-0.7547637
Correct prediction,-1.099389
Correct prediction,-0.83794343
Correct prediction,-0.19503243
Correct prediction,-0.8709556
Correct prediction,-0.47469562
Incorrect prediction,-0.61140114
Correct prediction,-1.172511
Correct prediction,-1.0100591
Correct prediction,-0.9980946
Correct prediction,-0.8520156
Correct prediction,-1.3259431
Correct prediction,-0.95896405
Correct prediction,-1.2537789
Correct prediction,-0.84928733
Correct prediction,-0.7062976
Correct prediction,-0.80566716
Correct prediction,-1.0482138
Correct prediction,-0.62418437
Correct prediction,-1.2095964
Correct prediction,-0.55869025
Correct prediction,-0.8704641
Correct prediction,-0.52078205
Correct prediction,-0.680027
Incorrect prediction,-0.75431657
Correct prediction,-0.97194797
Correct prediction,-0.7464467
Correct prediction,-0.75288785
Incorrect prediction,-0.6247893
Correct prediction,-0.6570058
Correct prediction,-0.97931874
Correct prediction,-1.2742815
Correct prediction,-0.48072815
Correct prediction,-0.6776309
Correct prediction,-0.5089728
Incorrect prediction,-0.59442186
Correct prediction,-0.7552946
Correct prediction,-0.30512026
Correct prediction,-0.59132427
Incorrect prediction,-0.7243211
Correct prediction,-0.6809704
Correct prediction,-0.5399349
Correct prediction,-0.63120925
Correct prediction,-0.9584089
Correct prediction,-0.59083796
Correct prediction,-0.8611096
Correct prediction,-0.9624093
Correct prediction,-0.49848127
Correct prediction,-0.7123595
Correct prediction,-0.6855453
Correct prediction,-0.49923268
Incorrect prediction,-0.97236437
Correct prediction,-0.9707757
Correct prediction,-0.56856143
Correct prediction,-1.3576531
Incorrect prediction,-0.268238
Correct prediction,-1.5902995
Correct prediction,-0.9588387
Correct prediction,-0.9744242
Incorrect prediction,-0.55479985
Correct prediction,-1.0638822
Correct prediction,-0.7552582
Correct prediction,-0.9330988
Correct prediction,-0.35822588
Correct prediction,-0.9157025
Incorrect prediction,-1.3473371
Correct prediction,-0.3263233
Incorrect prediction,-0.5698542
Correct prediction,-1.1639909
Correct prediction,-0.8995646
Correct prediction,-0.5018167
Correct prediction,-0.4963165
Correct prediction,-0.9300576
Correct prediction,-0.7367424
Incorrect prediction,-0.2634498
Correct prediction,-0.79149395
Correct prediction,-1.0881321
Correct prediction,-0.6747055
Correct prediction,-1.1363539
Correct prediction,-1.1865178
Correct prediction,-0.91980094
Correct prediction,-0.79122275
Correct prediction,-0.7812644
Correct prediction,-0.6914032
Incorrect prediction,-1.2255467
Incorrect prediction,-0.7005294
Correct prediction,-0.7124073
Correct prediction,-1.169974
Correct prediction,-0.7293959
Correct prediction,-0.868417
Correct prediction,-0.9995909
Correct prediction,-1.0773398
Correct prediction,-1.0153323
Correct prediction,-0.8939734
Correct prediction,-0.71877676
Incorrect prediction,-0.53421354
Correct prediction,-1.2772443
Correct prediction,-0.9604254
Correct prediction,-0.9645393
Correct prediction,-0.54521763
Correct prediction,-0.955477
Correct prediction,-0.6873233
Correct prediction,-0.78791237
Correct prediction,-1.0494933
Correct prediction,-1.0449158
Correct prediction,-0.5454391
Correct prediction,-0.8272073
Correct prediction,-0.39827406
Correct prediction,-1.1307701
Correct prediction,-0.97319174
Correct prediction,-0.7421474
Correct prediction,-0.9198898
Correct prediction,-0.92892647
Correct prediction,-1.1410034
Correct prediction,-0.6342835
Correct prediction,-0.5143664
Correct prediction,-0.56987613
Correct prediction,-0.9599227
Correct prediction,-1.06487
Correct prediction,-0.4485319
Correct prediction,-0.9151624
Correct prediction,-1.1989019
Correct prediction,-0.89301366
Correct prediction,-1.2576966
Correct prediction,-1.053173
Incorrect prediction,-0.3464245
Correct prediction,-1.3937695
Correct prediction,-0.26188797
Correct prediction,-0.9469157
Correct prediction,-1.2247571
Correct prediction,-0.9057287
Correct prediction,-1.0392946
Correct prediction,-0.6271135
Incorrect prediction,-0.34339538
Correct prediction,-0.94379914
Correct prediction,-0.30698314
Correct prediction,-1.2285082
Correct prediction,-0.3355749
Correct prediction,-1.0958898
Correct prediction,-0.17640813
Correct prediction,-1.0445411
Incorrect prediction,-0.77074975
Correct prediction,-0.69382566
Incorrect prediction,-0.5515121
Correct prediction,-0.6223153
Correct prediction,-0.2654036
Correct prediction,-0.78387016
Correct prediction,-0.8920816
Correct prediction,-0.54847276
Correct prediction,-1.1065584
Correct prediction,-0.29949206
Correct prediction,-0.49123877
Correct prediction,-1.0033935
Correct prediction,-0.8171492
Correct prediction,-0.993872
Correct prediction,-0.8051108
Correct prediction,-0.8026554
Correct prediction,-0.7735298
Correct prediction,-0.9852342
Correct prediction,-1.1947168
Correct prediction,-0.8270117
Correct prediction,-1.1181674
Correct prediction,-0.51611334
Correct prediction,-1.1489892
Correct prediction,-1.1363151
Correct prediction,-0.89511204
Correct prediction,-0.94294673
Incorrect prediction,-0.7403275
Correct prediction,-0.52780443
Correct prediction,-0.39653274
Correct prediction,-0.7433151
Incorrect prediction,-0.60775816
Correct prediction,-0.7743164
Correct prediction,-0.7404359
Correct prediction,-0.64470327
Incorrect prediction,-0.2692698
Incorrect prediction,-0.48213297
Correct prediction,-0.4594631
Correct prediction,-0.8578051
Correct prediction,-0.92790973
Correct prediction,-0.8859175
Incorrect prediction,-0.7212093
Correct prediction,-0.81239545
Correct prediction,-1.0062507
Correct prediction,-0.5102433
Correct prediction,-0.5907441
Correct prediction,-1.1994629
Correct prediction,-0.90469867
Correct prediction,-0.7166804
Correct prediction,-0.8408388
Correct prediction,-1.1036519
Incorrect prediction,-1.1580783
Correct prediction,-1.3514053
Correct prediction,-0.06021401
Correct prediction,-0.73640394
Incorrect prediction,-0.9431701
Correct prediction,-1.1032244
Correct prediction,-0.7251927
Correct prediction,-1.0393485
Correct prediction,-0.75486046
Correct prediction,-0.9277857
Correct prediction,-0.46002218
Correct prediction,-1.2305698
Correct prediction,-0.7764724
Correct prediction,-0.7626406
Correct prediction,-0.62207943
Correct prediction,-1.4027182
Correct prediction,-0.72606933
Correct prediction,-0.97473246
Correct prediction,-1.0370429
Incorrect prediction,-0.38610655
Correct prediction,-0.9824947
Correct prediction,-0.35620207
Correct prediction,-0.57856035
Correct prediction,-0.49239397
Correct prediction,-1.2085927
Correct prediction,-1.0324243
Correct prediction,-1.0399951
Correct prediction,-1.2506311
Correct prediction,-1.4865507
Correct prediction,-0.8446918
Correct prediction,-0.50810426
Incorrect prediction,-0.4681793
Correct prediction,-1.2909802
Correct prediction,-1.2694786
Correct prediction,-1.2860833
Correct prediction,-0.7797502
Correct prediction,-0.9411719
Correct prediction,-0.8813493
Incorrect prediction,-0.90617967
Correct prediction,-1.033607
Correct prediction,-1.10814
Correct prediction,-0.86294585
Correct prediction,-1.4439186
Correct prediction,-0.6152028
Correct prediction,-0.908991
Correct prediction,-0.66985935
Correct prediction,-1.1807426
Correct prediction,-0.77049124
Correct prediction,-0.9278232
Correct prediction,-1.1322379
Incorrect prediction,-0.45562923
Correct prediction,-0.98390025
Correct prediction,-0.9524089
Correct prediction,-0.9272953
Incorrect prediction,-0.46957046
Correct prediction,-0.9288271
Correct prediction,-0.5789962
Correct prediction,-0.50232315
Incorrect prediction,-0.18159808
Correct prediction,-0.5169348
Correct prediction,-1.048476
Correct prediction,-0.6521187
Correct prediction,-1.2288883
Incorrect prediction,-1.0709407
Correct prediction,-0.84150136
Incorrect prediction,-0.6937271
Correct prediction,-0.9135356
Correct prediction,-0.5166363
Correct prediction,-0.712675
Incorrect prediction,-0.78469926
Incorrect prediction,-0.56185514
Correct prediction,-0.6883445
Correct prediction,-0.8194445
Correct prediction,-1.3223029
Correct prediction,-0.79910284
Correct prediction,-1.0459951
Correct prediction,-1.1850396
Correct prediction,-0.53596306
Correct prediction,-0.33033705
Incorrect prediction,-0.8827597
Correct prediction,-1.1965617
Incorrect prediction,-0.9454023
Correct prediction,-1.0836749
Correct prediction,-0.2762805
Correct prediction,-1.2413352
Correct prediction,-1.3472118
Correct prediction,-0.56509155
Correct prediction,-0.77863413
Correct prediction,-0.8770505
Incorrect prediction,-1.0319073
Correct prediction,-0.9999828
Correct prediction,-1.3405044
Correct prediction,-0.84382004
Correct prediction,-1.1354926
Correct prediction,-1.0497806
Correct prediction,-1.0594515
Correct prediction,-0.53247213
Incorrect prediction,-0.75773764
Correct prediction,-0.3788679
Incorrect prediction,-1.040091
Correct prediction,-0.40198836
Correct prediction,-1.2696741
Correct prediction,-1.4998333
Incorrect prediction,-1.0071505
Correct prediction,-1.1948124
Correct prediction,-1.1278542
Correct prediction,0.20599002
Correct prediction,-1.2282476
Correct prediction,-1.1188799
Correct prediction,-1.0731112
Incorrect prediction,-1.0784727
Correct prediction,-1.3099791
Correct prediction,-0.75366414
Correct prediction,-1.0415603
Correct prediction,-1.0203611
Correct prediction,-0.7259417
Incorrect prediction,-0.4146046
Incorrect prediction,-0.707125
Correct prediction,-0.44136873
Incorrect prediction,-1.0179503
Correct prediction,-0.47289717
Correct prediction,-0.8453254
Incorrect prediction,-0.52593094
Incorrect prediction,-0.6491944
Correct prediction,-1.0496572
Correct prediction,-1.1800356
Correct prediction,-0.60161024
Correct prediction,-0.9546577
Correct prediction,-1.0320225
Correct prediction,-0.70234007
Correct prediction,-0.53635246
Correct prediction,-0.9983782
Correct prediction,-1.115327
Correct prediction,-0.8783704
Correct prediction,-1.199388
Correct prediction,-1.2635514
Correct prediction,-0.5565845
Correct prediction,-0.63140875
Correct prediction,0.59663075
Correct prediction,-1.5250806
Correct prediction,-1.0684286
Correct prediction,-1.0268476
Correct prediction,-1.1724979
Incorrect prediction,-1.1901771
Incorrect prediction,-0.6165501
Correct prediction,-0.7050325
Correct prediction,-0.64901614
Correct prediction,-0.7954751
Correct prediction,-1.3806869
Correct prediction,-1.1001962
Correct prediction,-0.9003955
Incorrect prediction,-0.81742066
Incorrect prediction,-0.7628328
Incorrect prediction,-0.49822932
Correct prediction,-0.6546556
Correct prediction,-0.70607954
Correct prediction,-0.92754877
Correct prediction,-0.824412
Correct prediction,-0.761488
Incorrect prediction,-0.58999294
Correct prediction,-0.88114136
Correct prediction,-1.185273
Correct prediction,-0.4922559
Correct prediction,-0.42002007
Correct prediction,-0.8435535
Correct prediction,-0.8604153
Correct prediction,-1.2306248
Correct prediction,-0.5790419
Correct prediction,-0.64358604
Correct prediction,-0.9284632
Correct prediction,-0.8100764
Correct prediction,-0.7964816
Correct prediction,-0.9368796
Correct prediction,-0.6691778
Correct prediction,-0.7499825
Correct prediction,-0.6673357
Correct prediction,-0.8583996
Correct prediction,-0.5337115
Correct prediction,-0.8963724
Correct prediction,-0.7281223
Incorrect prediction,-0.9568372
Correct prediction,-0.8513937
Incorrect prediction,-1.1707157
Correct prediction,-0.6441577
Correct prediction,-0.81937575
Correct prediction,-0.64531267
Incorrect prediction,-0.76930386
Correct prediction,-1.1134418
Correct prediction,-0.061033685
Incorrect prediction,-0.64783084
Incorrect prediction,-0.7984407
Correct prediction,-0.8882965
Correct prediction,-0.6292785
Correct prediction,-1.1219326
Correct prediction,-0.7560514
Correct prediction,-0.85943866
Correct prediction,-0.4148272
Correct prediction,-0.48500046
Incorrect prediction,-0.74922335
Incorrect prediction,-1.4009203
Correct prediction,-1.1118996
Correct prediction,-1.8108546
Correct prediction,-0.8113434
Correct prediction,-0.8973549
Correct prediction,-0.9240035
Correct prediction,-0.9025786
Correct prediction,-0.77976173
Correct prediction,-0.8033483
Correct prediction,-1.0368744
Correct prediction,-0.83306855
Correct prediction,-1.0731063
Incorrect prediction,-0.5513936
Correct prediction,-0.7570293
Correct prediction,-0.6051579
Correct prediction,-0.44516757
Correct prediction,-0.6121201
Correct prediction,-0.5130704
Correct prediction,-0.95731884
Correct prediction,-0.2996993
Correct prediction,-0.44646138
Correct prediction,-0.42835432
Correct prediction,-0.47023806
Correct prediction,-0.8319339
Correct prediction,-0.53602684
Correct prediction,-0.6684139
Incorrect prediction,-0.37237957
Correct prediction,-0.82856834
Correct prediction,-0.8411081
Correct prediction,-0.8081603
Correct prediction,-0.86358744
Incorrect prediction,-1.0009768
Incorrect prediction,-0.6991893
Correct prediction,-0.8180808
Correct prediction,-1.0265284
Correct prediction,-0.71075743
Correct prediction,-1.5292088
Correct prediction,-1.0230947
Correct prediction,-1.0695179
Correct prediction,-0.40519288
Correct prediction,-1.0026429
Correct prediction,-0.88649666
Correct prediction,-0.7080425
Correct prediction,-1.1819289
Correct prediction,-0.9298393
Correct prediction,-0.50136584
Correct prediction,-0.4720933
Correct prediction,-1.0642182
Correct prediction,-0.8191293
Correct prediction,-1.0651817
Correct prediction,-0.57846034
Correct prediction,-0.48281845
Correct prediction,-1.143943
Correct prediction,-0.94485164
Correct prediction,-0.80514354
Correct prediction,-1.2622528
Correct prediction,-0.85398054
Incorrect prediction,-0.3771162
Correct prediction,-0.56632537
Correct prediction,-0.938897
Correct prediction,-0.5695125
Correct prediction,-0.56995356
Incorrect prediction,-0.6091411
Correct prediction,-0.8177397
Correct prediction,-0.7367813
Correct prediction,-0.7554461
Correct prediction,-0.37383646
Correct prediction,-0.7052206
Correct prediction,-0.4119679
Correct prediction,-0.9832061
Correct prediction,-0.57806826
Incorrect prediction,-1.1760671
Correct prediction,-0.9595263
Correct prediction,-0.7352943
Correct prediction,-0.9456681
Correct prediction,-0.5203045
Correct prediction,-1.1096866
Correct prediction,-0.9510321
Correct prediction,-0.6523995
Correct prediction,-0.97761387
Correct prediction,-0.90620863
Correct prediction,-0.89693695
Correct prediction,-1.2528493
Correct prediction,-0.85696316
Correct prediction,-1.1872547
Correct prediction,-0.5577739
Correct prediction,-1.1312659
Correct prediction,-0.69245243
Correct prediction,-1.0590183
Correct prediction,-0.69197285
Correct prediction,-0.75655687
Correct prediction,-0.7369904
Correct prediction,-0.9660951
Correct prediction,-1.1574637
Correct prediction,-1.1658772
Correct prediction,-1.690175
Correct prediction,-0.8377799
Correct prediction,-0.6786729
Correct prediction,-0.62570775
Correct prediction,-0.9462144
Incorrect prediction,-0.58697754
Incorrect prediction,-0.51455885
Correct prediction,-0.7146451
Correct prediction,-0.25952554
Incorrect prediction,-0.7737246
Correct prediction,-0.91368896
Correct prediction,-0.6894033
Correct prediction,-0.9026276
Correct prediction,-0.98892194
Incorrect prediction,-1.092324
Correct prediction,-1.0238305
Correct prediction,-0.6867689
Correct prediction,-0.5016869
Correct prediction,-1.0678304
Correct prediction,-0.8697874
Correct prediction,-1.5289614
Correct prediction,-1.0184262
Correct prediction,-1.0417057
Incorrect prediction,-1.244103
Correct prediction,-0.2554334
Correct prediction,-0.54335517
Incorrect prediction,-0.6332629
Correct prediction,-0.8659685
Correct prediction,-1.4030783
Correct prediction,-0.9248225
Correct prediction,-0.50035375
Correct prediction,-0.4166102
Correct prediction,-0.5930944
Incorrect prediction,-0.7065015
Incorrect prediction,-0.7007439
Correct prediction,-0.9698769
Correct prediction,-0.5874337
Incorrect prediction,-0.53902626
Correct prediction,-0.5490895
Correct prediction,-0.9175798
Incorrect prediction,-0.6731196
Correct prediction,-0.81838524
Correct prediction,-0.97643715
Correct prediction,-1.179107
Correct prediction,-0.6809567
Correct prediction,-0.6619532
Correct prediction,-0.6171496
Correct prediction,-0.67295337
Correct prediction,-0.7135613
Correct prediction,-0.8427752
Incorrect prediction,-0.5854249
Correct prediction,-0.76476836
Correct prediction,-0.62693405
Correct prediction,-0.15993813
Correct prediction,-1.2700012
Correct prediction,-0.9315431
Correct prediction,-0.7377143
Correct prediction,-0.8656857
Correct prediction,-1.0144241
Correct prediction,-0.4236098
Correct prediction,-1.1716955
Correct prediction,-0.9738315
Correct prediction,-1.1477594
Correct prediction,-0.99333227
Correct prediction,-1.3368403
Correct prediction,-1.0968835
Correct prediction,-0.9396217
Correct prediction,-0.72355163
Correct prediction,-0.68202966
Correct prediction,-0.78786504
Correct prediction,-0.6791384
Correct prediction,-0.58839655
Correct prediction,-0.35159153
Correct prediction,-1.0434521
Correct prediction,-1.0985674
Correct prediction,-0.71180445
Correct prediction,-0.6702263
Correct prediction,-0.57990044
Correct prediction,-0.92038614
Correct prediction,-1.029206
Correct prediction,-0.5617661
Correct prediction,-1.0130965
Correct prediction,-0.65993756
Correct prediction,-0.63729715
Correct prediction,-0.9961037
Incorrect prediction,-0.5376689
Incorrect prediction,-0.73792624
Correct prediction,-1.1122018
Correct prediction,-0.9724647
Correct prediction,-1.1882926
Correct prediction,-0.9889693
Correct prediction,-1.0367982
Correct prediction,-0.6011614
Correct prediction,-1.1029061
Correct prediction,-0.7359308
Correct prediction,-1.0286899
Correct prediction,-0.6991138
Correct prediction,-0.8759262
Correct prediction,-1.0107622
Correct prediction,-0.69121855
Correct prediction,-1.0759708
Incorrect prediction,-0.66024363
Correct prediction,-0.7152525
Incorrect prediction,-0.69521254
Correct prediction,-1.0695143
Correct prediction,-1.0567399
Correct prediction,-0.79482716
Correct prediction,-0.779215
Correct prediction,-0.72630954
Correct prediction,-1.1532819
Correct prediction,-1.0774355
Correct prediction,-0.9648398
Incorrect prediction,-0.7538157
Correct prediction,-0.8714225
Correct prediction,-0.5113499
Correct prediction,-0.38722393
Correct prediction,-0.98070407
Correct prediction,-1.8518262
Incorrect prediction,-0.58096397
Correct prediction,-0.7781011
Correct prediction,-0.6626966
Incorrect prediction,-1.1010269
Correct prediction,-1.0412341
Correct prediction,-0.61900884
Correct prediction,-1.0401235
Incorrect prediction,-1.2345881
Correct prediction,-1.1149281
Correct prediction,-0.98774874
Correct prediction,-1.1865212
Correct prediction,-0.77656204
Correct prediction,-1.2280102
Correct prediction,-0.15333705
Correct prediction,-0.84735
Incorrect prediction,-0.87639374
Correct prediction,-1.1331232
Correct prediction,-0.64992356
Correct prediction,-1.1300436
Correct prediction,-0.56299615
Correct prediction,-1.377302
Correct prediction,-0.7563453
Correct prediction,-0.98689085
Correct prediction,-1.3674225
Correct prediction,-0.89164895
Correct prediction,-1.326086
Correct prediction,-0.33550003
Correct prediction,-0.84503657
Correct prediction,-0.8621799
Correct prediction,-0.7401275
Correct prediction,-0.4615732
Correct prediction,-0.8808184
Correct prediction,-1.0237234
Incorrect prediction,-0.95778674
Correct prediction,-1.0309082
Correct prediction,-0.5522789
Correct prediction,-0.7482248
Correct prediction,-1.092356
Correct prediction,-0.5891488
Correct prediction,-1.1383989
Correct prediction,-0.94739455
Correct prediction,-0.6464525
Incorrect prediction,-0.6533816
Incorrect prediction,-1.0525957
Incorrect prediction,-0.5996567
Incorrect prediction,-0.6839889
Correct prediction,-0.25747252
Correct prediction,-0.79360354
Correct prediction,-1.1590389
Correct prediction,-0.95778394
Correct prediction,-0.8395683
Correct prediction,-1.2727493
Correct prediction,-1.2897894
Correct prediction,-1.0227573
Correct prediction,-1.3552085
Correct prediction,-0.5185834
Correct prediction,-1.129663
Correct prediction,-1.1433254
Correct prediction,-1.2075846
Correct prediction,-1.2898376
Correct prediction,-1.1909912
Incorrect prediction,-0.4797086
Correct prediction,-1.3751296
Correct prediction,-1.251072
Correct prediction,-0.53283495
Correct prediction,-0.8651157
Correct prediction,-0.8757965
Correct prediction,-0.92575294
Incorrect prediction,-0.75005347
Incorrect prediction,-0.51988107
Correct prediction,-0.8975676
Correct prediction,-1.0137789
Correct prediction,-0.540105
Correct prediction,-0.5506349
Correct prediction,-0.50361335
Correct prediction,-0.9856347
Correct prediction,-0.39902157
Correct prediction,-0.72555524
Correct prediction,-0.9090428
Correct prediction,-0.8799527
Correct prediction,-0.90892047
Correct prediction,-1.1032274
Correct prediction,-0.9705943
Correct prediction,-0.5017508
Correct prediction,-1.4040816
Incorrect prediction,-0.75353116
Correct prediction,-1.2035419
Correct prediction,-0.2970032
Correct prediction,-0.52116674
Correct prediction,-0.71908075
Correct prediction,-0.5740196
Incorrect prediction,-1.12192
Correct prediction,-0.7112171
Correct prediction,-0.9064428
Correct prediction,-0.5516509
Correct prediction,-0.87122566
Correct prediction,-1.012808
Correct prediction,-0.5188766
Correct prediction,-0.8147126
Correct prediction,-0.76700187
Correct prediction,-0.23539439
Correct prediction,-0.45603344
Correct prediction,-0.25410005
Correct prediction,-0.7494136
Correct prediction,-0.60537726
Correct prediction,-0.9802787
Correct prediction,-0.83693314
Correct prediction,-0.77849776
Correct prediction,-0.3936501
Correct prediction,-0.5489735
Correct prediction,-0.3451418
Correct prediction,-1.0849383
Correct prediction,-0.87006325
Correct prediction,-1.0726597
Correct prediction,-0.89482874
Correct prediction,-0.518541
Correct prediction,-1.1447933
Correct prediction,-1.1522323
Correct prediction,-0.80742496
Correct prediction,-1.1901444
Correct prediction,-0.5300478
Correct prediction,-0.68336236
Correct prediction,-0.99448216
Correct prediction,-1.7486953
Correct prediction,-1.055827
Correct prediction,-0.9354165
Correct prediction,-1.2846036
Correct prediction,-1.0113692
Incorrect prediction,-1.0500337
Correct prediction,-0.87730306
Incorrect prediction,-0.6856996
Incorrect prediction,-0.97377396
Incorrect prediction,-0.46683216
Correct prediction,-0.9935602
Correct prediction,-1.3586143
Correct prediction,-1.0056633
Correct prediction,-0.9226256
Correct prediction,-0.87180364
Correct prediction,-0.5460402
Correct prediction,-1.2325286
Correct prediction,-1.2827485
Correct prediction,-1.1478559
Correct prediction,-1.0543468
Incorrect prediction,-0.7823421
Correct prediction,-1.1979952
Correct prediction,-0.20730394
Correct prediction,-0.45971707
Correct prediction,-1.1314094
Correct prediction,-0.97906524
Correct prediction,-1.5106015
Correct prediction,-0.64047986
Correct prediction,-0.5973128
Correct prediction,-0.86815697
Correct prediction,-0.79338986
Correct prediction,-0.98181653
Correct prediction,-0.4615699
Correct prediction,-0.97401005
Correct prediction,-0.7423012
Incorrect prediction,-0.73266274
Correct prediction,-0.7340743
Correct prediction,-1.1581488
Incorrect prediction,-0.4960323
Incorrect prediction,-1.092608
Correct prediction,-1.1228945
Correct prediction,-0.8084238
Correct prediction,-0.7014582
Correct prediction,-1.0172974
Correct prediction,-0.8980967
Correct prediction,-0.9646333
Correct prediction,-1.456405
Correct prediction,-0.8321525
Correct prediction,-0.7743775
Correct prediction,-1.0032517
Correct prediction,-1.4579643
Correct prediction,-0.5686863
Incorrect prediction,-0.6631043
Correct prediction,-1.0534803
Correct prediction,-0.8274922
Incorrect prediction,-0.5287315
Correct prediction,-1.1229912
Correct prediction,-0.69460934
Correct prediction,-0.6606402
Correct prediction,-1.1836605
Correct prediction,-0.7276154
Correct prediction,-0.71747756
Correct prediction,-1.2484839
Correct prediction,-0.40314633
Correct prediction,-1.241594
Correct prediction,-0.97233105
Incorrect prediction,-0.8963866
Correct prediction,-1.0146761
Correct prediction,-0.9513893
Correct prediction,-0.7895276
Correct prediction,-0.9294946
Correct prediction,-1.2631693
Correct prediction,-0.95215803
Correct prediction,-0.8067187
Correct prediction,-0.9386652
Correct prediction,-1.0630487
Incorrect prediction,-0.9928023
Correct prediction,-0.61407447
Incorrect prediction,-0.5186226
Correct prediction,-0.62576103
Correct prediction,-1.0301328
Incorrect prediction,-0.6706711
Correct prediction,-1.2734977
Correct prediction,-1.4475225
Correct prediction,-1.3945606
Correct prediction,-0.63234013
Correct prediction,-0.8806907
Incorrect prediction,-0.9272124
Correct prediction,-0.595597
Correct prediction,-1.1332114
Correct prediction,-0.9013445
Incorrect prediction,-1.1994568
Correct prediction,-0.74118614
Correct prediction,-0.81555474
Correct prediction,-1.1062291
Correct prediction,-0.9442141
Correct prediction,-1.0062066
Correct prediction,-1.0640497
Correct prediction,-0.69634837
Correct prediction,-1.1113662
Correct prediction,-0.7317584
Correct prediction,-1.0422735
Correct prediction,-0.935691
Correct prediction,-0.76073015
Correct prediction,-1.1351873
Correct prediction,-0.77861255
Correct prediction,-0.55318147
Correct prediction,-1.1095654
Correct prediction,-0.847877
Correct prediction,-1.5155599
Correct prediction,-0.7906263
Incorrect prediction,-0.67722476
Correct prediction,-0.7805288
Correct prediction,-1.202602
Correct prediction,-0.95964974
Correct prediction,-1.0503314
Correct prediction,-0.65102124
Correct prediction,-1.4446833
Correct prediction,-1.020799
Incorrect prediction,-0.47533062
Correct prediction,-1.0164999
Correct prediction,-0.84675
Correct prediction,-0.9575439
Correct prediction,-1.0034747
Incorrect prediction,-0.074935935
Incorrect prediction,-0.8301096
Incorrect prediction,-0.72232807
Incorrect prediction,-0.5109889
Correct prediction,-1.0212001
Correct prediction,-0.8790202
Correct prediction,-0.8617062
Correct prediction,-0.44970113
Correct prediction,-1.0826861
Correct prediction,-0.5570671
Correct prediction,-1.1347983
Correct prediction,-0.20732397
Correct prediction,-0.8482777
Correct prediction,-0.7738777
Correct prediction,-0.98485255
Correct prediction,-0.658162
Correct prediction,-1.0413325
Correct prediction,-1.0554081
Incorrect prediction,-0.6929859
Correct prediction,-0.98678076
Correct prediction,-0.6621307
Correct prediction,-0.19995004
Correct prediction,-0.89499086
Correct prediction,-0.60695165
Correct prediction,-0.8835819
Correct prediction,-0.5205803
Correct prediction,-0.86422783
Correct prediction,-0.8736634
Correct prediction,-1.2011939
Correct prediction,-0.9385669
Correct prediction,-1.1402253
Correct prediction,-1.2413981
Correct prediction,-0.3531307
Correct prediction,-0.8240704
Correct prediction,-1.1416949
Correct prediction,-0.8616026
Correct prediction,-1.4898372
Correct prediction,-1.027835
Correct prediction,-0.6411137
Incorrect prediction,-0.7102435
Correct prediction,-0.95899147
Incorrect prediction,-0.9170411
Correct prediction,-0.9957347
Correct prediction,-0.64671373
Correct prediction,-0.9872437
Correct prediction,-1.0280826
Correct prediction,-0.943624
Correct prediction,-0.10746667
Correct prediction,-1.0443822
Correct prediction,-1.0950292
Correct prediction,-1.3232194
Correct prediction,-0.9931938
Correct prediction,-0.50987476
Correct prediction,-0.7378308
Incorrect prediction,-0.6659789
Correct prediction,-0.9978037
Correct prediction,-0.8931241
Correct prediction,-0.985243
Correct prediction,-0.63676494
Correct prediction,-1.7707989
Correct prediction,-0.5113412
Correct prediction,-1.0275207
Correct prediction,-1.3738008
Correct prediction,-0.9663587
Correct prediction,-1.0433035
Correct prediction,-1.189272
Correct prediction,-0.9162432
Correct prediction,-0.98038644
Correct prediction,-1.2999902
Correct prediction,-1.2334584
Correct prediction,-1.0884725
Correct prediction,-0.60586655
Incorrect prediction,-0.97105473
Correct prediction,-0.7610415
Correct prediction,-0.8530585
Correct prediction,-1.0659156
Incorrect prediction,-0.44505072
Correct prediction,-1.3263745
Correct prediction,-1.5018578
Correct prediction,-0.98817027
Correct prediction,-0.8715069
Correct prediction,-1.0202419
Correct prediction,-0.49284145
Correct prediction,-0.4988762
Correct prediction,-1.1378776
Correct prediction,-0.9217119
Correct prediction,-1.1678014
Correct prediction,-1.2187599
Correct prediction,-0.7935679
Correct prediction,-0.6057448
Correct prediction,-0.55614644
Incorrect prediction,-0.22281346
Correct prediction,-0.5197139
Incorrect prediction,-0.614138
Correct prediction,-0.75790334
Correct prediction,-0.820863
Correct prediction,-0.9503975
Correct prediction,-1.0905011
Correct prediction,-1.0310625
Correct prediction,-0.97175574
Correct prediction,-1.2948275
Correct prediction,-0.89218307
Correct prediction,-1.0108737
Correct prediction,-1.2330515
Correct prediction,-1.1019632
Correct prediction,-1.1492587
Correct prediction,-0.6343882
Correct prediction,-0.86335886
Correct prediction,-1.2058362
Correct prediction,-0.8362582
Incorrect prediction,-1.1156528
Correct prediction,-0.94031715
Correct prediction,-0.99809396
Correct prediction,-0.8209244
Correct prediction,-0.30343843
Correct prediction,-0.8700958
Correct prediction,-0.7926361
Correct prediction,-0.92921644
Incorrect prediction,-0.74774706
Correct prediction,-0.9098229
Correct prediction,-1.1109368
Incorrect prediction,-1.2110493
Correct prediction,-0.9248156
Correct prediction,-0.87351924
Correct prediction,-0.3567779
Correct prediction,-0.5738655
Correct prediction,-1.1372951
Correct prediction,-1.1539229
Correct prediction,-0.9622767
Correct prediction,-0.98320794
Correct prediction,-0.782159
Correct prediction,-0.97452646
Correct prediction,-0.38977936
Correct prediction,-0.55773515
Correct prediction,-0.76914805
Correct prediction,-0.8566052
Correct prediction,-0.97938323
Correct prediction,-0.5889966
Incorrect prediction,-0.7368625
Correct prediction,-1.0079832
Correct prediction,-0.9597101
Correct prediction,-0.939351
Incorrect prediction,-0.56341976
Incorrect prediction,-0.88096756
Correct prediction,-0.86209005
Correct prediction,-0.93367994
Correct prediction,-0.97300375
Correct prediction,-0.82344264
Correct prediction,-0.22931665
Correct prediction,-0.98259056
Correct prediction,-0.6387219
Incorrect prediction,-0.6193629
Correct prediction,-0.81589407
Correct prediction,-1.070719
Incorrect prediction,-0.6333461
Correct prediction,-1.1545341
Correct prediction,-0.50407577
Incorrect prediction,-0.485443
Correct prediction,-1.0663124
Correct prediction,-1.0334864
Incorrect prediction,-0.7705424
Correct prediction,-0.80863947
Correct prediction,-0.97112745
Correct prediction,-1.141639
Correct prediction,-1.2703321
Correct prediction,-0.8959179
Correct prediction,-1.1639212
Correct prediction,-1.1352407
Correct prediction,-0.78371185
Correct prediction,-0.77469206
Correct prediction,-0.6380965
Correct prediction,-0.83894753
Incorrect prediction,-0.73140347
Correct prediction,-0.9843224
Correct prediction,-1.0680366
Correct prediction,-0.7776907
Correct prediction,-1.447221
Correct prediction,-0.83616495
Correct prediction,-0.5848202
Incorrect prediction,-0.60465294
Correct prediction,-0.81156904
Correct prediction,-1.0983835
Correct prediction,-1.2539191
Correct prediction,-0.60668176
Correct prediction,-0.8688098
Correct prediction,-0.34021744
Correct prediction,-0.6911465
Incorrect prediction,-1.4454867
Correct prediction,-0.73842573
Correct prediction,-0.9644418
Incorrect prediction,-0.8963502
Correct prediction,-0.5737733
Correct prediction,-1.2942065
Incorrect prediction,-0.8373904
Correct prediction,-1.1829572
Correct prediction,-0.9704053
Correct prediction,-0.40772444
Correct prediction,-1.3794296
Correct prediction,-1.1061717
Correct prediction,-0.4937606
Correct prediction,-0.5778177
Incorrect prediction,-0.37654537
Correct prediction,-0.38352093
Incorrect prediction,-0.97205615
Correct prediction,-0.5446191
Incorrect prediction,-0.6768149
Correct prediction,-1.0953503
Correct prediction,-0.77656835
Correct prediction,-0.70228875
Incorrect prediction,-0.9352036
Correct prediction,-0.81642663
Correct prediction,-0.6253118
Correct prediction,-0.69300747
Correct prediction,-1.0010666
Incorrect prediction,-1.1994354
Correct prediction,-0.96107876
Correct prediction,-0.62119603
Correct prediction,-1.0098209
Correct prediction,-0.9677165
Incorrect prediction,-0.7458958
Correct prediction,-1.0032322
Correct prediction,-0.89172935
Correct prediction,-0.7845621
Correct prediction,-0.22560906
Correct prediction,-0.9951383
Correct prediction,-0.35671395
Correct prediction,-1.1679351
Correct prediction,-1.1058743
Correct prediction,-0.77822703
Correct prediction,-0.8381837
Correct prediction,-0.8295726
Correct prediction,-1.0752128
Correct prediction,-0.88793784
Correct prediction,-0.6658638
Correct prediction,-0.6422717
Incorrect prediction,-0.73416436
Incorrect prediction,-0.4175299
Correct prediction,-1.1163722
Correct prediction,-0.727679
Correct prediction,-0.6224588
Correct prediction,-1.0081663
Correct prediction,-0.27772358
Correct prediction,-1.1369191
Correct prediction,-1.311461
Correct prediction,-0.77863264
Correct prediction,-0.9899567
Correct prediction,-0.8229204
Correct prediction,-0.77810264
Correct prediction,-0.93936044
Correct prediction,-0.6862201
Correct prediction,-1.2390561
Correct prediction,-0.7800672
Incorrect prediction,-0.56843424
Correct prediction,-0.55159056
Correct prediction,-1.0993547
Correct prediction,-0.6173452
Correct prediction,-0.025214901
Incorrect prediction,-0.8281661
Correct prediction,-1.1667391
Correct prediction,-0.4823467
Correct prediction,-0.77449626
Incorrect prediction,-0.49995205
Incorrect prediction,-0.44807154
Correct prediction,-0.6640339
Correct prediction,-1.1945872
Correct prediction,-1.002556
Correct prediction,-0.44382468
Correct prediction,-1.0819389
Correct prediction,-0.5344093
Incorrect prediction,-1.1122347
Correct prediction,-0.45650595
Correct prediction,-0.9122166
Correct prediction,-0.90953356
Correct prediction,-0.64922947
Correct prediction,-1.213024
Correct prediction,-0.62297744
Correct prediction,-1.0324867
Correct prediction,-0.81459993
Incorrect prediction,-0.6199572
Correct prediction,-1.0424368
Correct prediction,-0.68134797
Correct prediction,-0.86882854
Correct prediction,-0.8426648
Correct prediction,-1.0114799
Correct prediction,-0.7766902
Correct prediction,-1.1530217
Correct prediction,-1.0363669
Correct prediction,-1.2544824
Correct prediction,-0.9070115
Correct prediction,-0.5423586
Correct prediction,-0.95650965
Correct prediction,-1.2497916
Correct prediction,-0.89484054
Correct prediction,-0.39276093
Correct prediction,-0.7507107
Incorrect prediction,-0.9670475
Correct prediction,-1.2269299
Correct prediction,-0.7613523
Correct prediction,-0.6171769
Correct prediction,-0.5675435
Correct prediction,-1.0201741
Correct prediction,-0.31781316
Correct prediction,-1.2973821
Correct prediction,-0.8804576
Correct prediction,-1.0745963
Correct prediction,-0.8334048
Correct prediction,-0.73843294
Correct prediction,-1.0703508
Correct prediction,-0.6793719
Incorrect prediction,-0.73926467
Incorrect prediction,-0.8533354
Correct prediction,-0.56178373
Correct prediction,-1.0450766
Correct prediction,-1.2458752
Correct prediction,-1.1066076
Correct prediction,-1.0588378
Correct prediction,-0.88644964
Correct prediction,-0.73026663
Correct prediction,-0.72797614
Correct prediction,-0.98858505
Correct prediction,-1.1807123
Correct prediction,-0.4054487
Correct prediction,-0.85862166
Correct prediction,-0.86028004
Correct prediction,-0.7572034
Correct prediction,-0.81921214
Correct prediction,-0.8655201
Correct prediction,-0.68325883
Correct prediction,-0.61629176
Correct prediction,-0.8389759
Correct prediction,-0.58674055
Correct prediction,-1.2457042
Correct prediction,-1.080928
Correct prediction,-0.8783818
Incorrect prediction,-0.7662619
Correct prediction,-0.79630995
Correct prediction,-1.0236142
Incorrect prediction,-0.9423081
Correct prediction,-1.0294884
Correct prediction,-0.5628656
Correct prediction,-0.89258313
Correct prediction,-1.077517
Correct prediction,-0.8686727
Correct prediction,-0.40846893
Correct prediction,-0.8149848
Correct prediction,-0.94545895
Correct prediction,-1.0124649
Correct prediction,-0.45340422
Correct prediction,-0.6723557
Correct prediction,-0.25827932
Correct prediction,-1.147257
Incorrect prediction,-0.38075146
Correct prediction,-1.4199464
Correct prediction,-1.1418649
Correct prediction,-0.7260928
Correct prediction,-0.9622515
Correct prediction,-0.8239751
Correct prediction,-1.5111744
Incorrect prediction,-0.4763651
Correct prediction,-0.95384634
Correct prediction,-0.8913319
Correct prediction,-1.0115108
Correct prediction,-0.8025765
Correct prediction,-1.1469057
Incorrect prediction,-0.9070073
Correct prediction,-1.0575153
Correct prediction,-1.385496
Correct prediction,-1.0137674
Correct prediction,-0.7907284
Correct prediction,-0.91335744
Correct prediction,-1.0541342
Correct prediction,-0.685207
Correct prediction,-0.7372342
Correct prediction,-1.0401876
Correct prediction,-0.7985882
Correct prediction,-0.6953454
Correct prediction,-0.5849357
Correct prediction,-0.3715026
Correct prediction,-1.1868557
Correct prediction,-1.2246728
Correct prediction,-1.2389326
Correct prediction,-1.089535
Correct prediction,-0.80473274
Correct prediction,-0.8243621
Correct prediction,-0.8216593
Correct prediction,-0.83878475
Incorrect prediction,-1.0495489
Correct prediction,-0.5758074
Correct prediction,-1.0238774
Correct prediction,-0.89100546
Correct prediction,-0.79562825
Correct prediction,-1.1312217
Correct prediction,-1.052734
Correct prediction,-1.0337862
Correct prediction,-0.7893332
Incorrect prediction,-0.49161544
Correct prediction,-1.1594242
Correct prediction,-0.94027686
Correct prediction,-1.0802172
Correct prediction,-1.348723
Correct prediction,-1.0660771
Correct prediction,-0.48229098
Correct prediction,-1.0078244
Correct prediction,-0.23312797
Correct prediction,-0.99832857
Correct prediction,-0.18957987
Correct prediction,-1.5223422
Incorrect prediction,-0.6952413
Correct prediction,-0.9599673
Correct prediction,-0.359774
Incorrect prediction,-0.9950855
Correct prediction,-0.66184545
Correct prediction,-1.0471647
Correct prediction,-0.92086434
Correct prediction,-1.0914905
Incorrect prediction,-0.63622046
Correct prediction,-0.6930449
Incorrect prediction,-0.41356266
Correct prediction,-0.6453048
Correct prediction,-1.256762
Correct prediction,-0.9731182
Correct prediction,-1.1374737
Incorrect prediction,-0.536803
Incorrect prediction,-1.1113399
Correct prediction,-0.83423084
Correct prediction,-0.84307283
Correct prediction,-0.7619252
Correct prediction,-1.0781395
Incorrect prediction,-1.4681615
Correct prediction,-0.9568635
Correct prediction,-0.8248979
Correct prediction,-0.9605508
Correct prediction,-0.68107873
Correct prediction,-0.26258487
Incorrect prediction,-1.0925442
Incorrect prediction,-0.52628744
Correct prediction,-0.75694335
Correct prediction,-1.0041782
Correct prediction,-1.1374273
Correct prediction,-0.88794684
Correct prediction,-0.80573034
Correct prediction,-1.1429696
Incorrect prediction,-0.6878656
Correct prediction,-0.7569897
Correct prediction,-0.98021024
Correct prediction,-0.6987297
Correct prediction,-0.41828045
Incorrect prediction,-0.489337
Correct prediction,-0.4618557
Incorrect prediction,-0.48402107
Correct prediction,-0.9165122
Correct prediction,-1.104663
Correct prediction,-0.90002507
Correct prediction,-0.62667793
Correct prediction,-0.913273
Correct prediction,-1.3215898
Incorrect prediction,-0.62654734
Correct prediction,-0.70327115
Correct prediction,-1.1172067
Correct prediction,-0.99434674
Correct prediction,-0.5891703
Correct prediction,-0.6422157
Correct prediction,-1.1508375
Correct prediction,-0.90191126
Correct prediction,-0.9823373
Correct prediction,-1.327768
Correct prediction,-1.1742352
Correct prediction,-0.9020044
Correct prediction,-1.4763279
Correct prediction,-0.9040685
Correct prediction,-0.84399486
Correct prediction,-0.5234152
Correct prediction,-0.70487815
Correct prediction,-0.6174491
Incorrect prediction,-0.64095765
Correct prediction,-0.82120895
Correct prediction,-0.7370614
Correct prediction,-1.0949457
Correct prediction,-0.75034297
Incorrect prediction,-0.7512942
Correct prediction,-0.6011554
Correct prediction,-1.0894678
Correct prediction,-1.412993
Correct prediction,-0.582341
Correct prediction,-0.71218127
Correct prediction,-0.8154531
Correct prediction,-0.91881263
Correct prediction,-1.0033482
Correct prediction,-1.1112062
Correct prediction,-0.92260426
Incorrect prediction,-1.3367436
Correct prediction,-0.69483435
Incorrect prediction,-0.7897745
Incorrect prediction,-0.25274152
Correct prediction,-0.5878171
Correct prediction,-0.89902824
Incorrect prediction,-0.62114877
Correct prediction,-1.2392414
Incorrect prediction,-0.32089216
Correct prediction,-0.9436308
Incorrect prediction,-0.8999297
Correct prediction,-0.7110083
Correct prediction,-1.1237794
Correct prediction,-1.0854485
Correct prediction,-0.53194565
Incorrect prediction,-0.7848145
Correct prediction,-0.90605956
Correct prediction,-0.9558616
Correct prediction,-0.72359836
Incorrect prediction,-0.5048219
Correct prediction,-0.8048579
Correct prediction,-0.87760824
Correct prediction,-0.69826293
Correct prediction,-0.5894536
Incorrect prediction,-0.9542296
Correct prediction,-0.5674714
Correct prediction,-0.6918435
Correct prediction,-0.96852636
Correct prediction,-0.9204145
Correct prediction,-0.7991109
Correct prediction,-0.9791379
Correct prediction,-0.71496576
Incorrect prediction,-0.9883028
Correct prediction,-0.77120125
Correct prediction,-0.293215
Correct prediction,-0.7182315
Correct prediction,-0.56357604
Correct prediction,-0.52808475
Correct prediction,-0.8119977
Correct prediction,-1.0590383
Correct prediction,-1.2556298
Correct prediction,-0.8235059
Incorrect prediction,-0.68993205
Correct prediction,-1.090807
Correct prediction,-1.0805367
Correct prediction,-1.1215042
Correct prediction,-0.54707265
Correct prediction,-0.60828334
Correct prediction,-0.8615155
Correct prediction,-0.8126887
Correct prediction,-1.064361
Correct prediction,-0.639038
Correct prediction,-0.819761
Correct prediction,-0.94472957
Correct prediction,-1.0605611
Correct prediction,-0.9959189
Correct prediction,-0.7887417
Correct prediction,-0.957833
Incorrect prediction,-0.89459074
Correct prediction,-0.81474954
Correct prediction,-0.6670569
Incorrect prediction,-0.60550314
Correct prediction,-0.61084044
Correct prediction,-1.1017072
Correct prediction,-1.152539
Correct prediction,-0.8253635
Correct prediction,-0.99368125
Correct prediction,-1.04841
Correct prediction,-1.2353008
Correct prediction,-0.88729376
Incorrect prediction,-0.62816817
Correct prediction,-0.5921375
Incorrect prediction,-0.32840288
Correct prediction,-0.92787826
Correct prediction,-0.7465101
Incorrect prediction,-0.8895788
Correct prediction,-1.5900588
Correct prediction,-0.8431454
Incorrect prediction,-0.6787293
Correct prediction,-0.6697048
Correct prediction,-1.0192688
Correct prediction,-1.0300866
Correct prediction,-1.2091837
Correct prediction,-0.70735
Incorrect prediction,-1.211294
Correct prediction,-1.1404306
Correct prediction,-0.79604506
Correct prediction,-0.6539365
Correct prediction,-1.5107895
Correct prediction,-0.9847748
Incorrect prediction,-1.2282962
Correct prediction,-0.707411
Correct prediction,-0.9722315
Incorrect prediction,-0.6848219
Correct prediction,-0.71970654
Correct prediction,-0.57835
Correct prediction,-0.9589236
Correct prediction,-0.9089815
Correct prediction,-0.9861474
Incorrect prediction,-0.41873726
Correct prediction,-0.76825756
Correct prediction,-1.0050886
Correct prediction,-1.0986402
Correct prediction,-0.4916941
Correct prediction,-0.78352726
Correct prediction,-0.61479706
Correct prediction,-0.61986816
Correct prediction,-0.99986553
Correct prediction,-0.5957835
Correct prediction,-0.30469424
Correct prediction,-0.923568
Incorrect prediction,-1.11846
Correct prediction,-1.1151317
Correct prediction,-0.6411458
Incorrect prediction,-0.59288
Incorrect prediction,-1.0150992
Correct prediction,-0.9318598
Incorrect prediction,-0.8531908
Incorrect prediction,-0.6631942
Incorrect prediction,-0.67425716
Correct prediction,-0.86381197
Correct prediction,-0.757988
Correct prediction,-1.0468564
Incorrect prediction,-0.8203093
Correct prediction,-0.7408709
Correct prediction,-0.54205483
Correct prediction,-0.63900685
Correct prediction,-0.7979344
Incorrect prediction,-0.8681333
Correct prediction,-1.0668453
Correct prediction,-1.059091
Incorrect prediction,-0.4859043
Incorrect prediction,-1.0568198
Correct prediction,-0.45373538
Correct prediction,-0.77744806
Correct prediction,-0.93489456
Correct prediction,-0.30578515
Correct prediction,-0.69666034
Correct prediction,-0.7573243
Correct prediction,-0.2330391
Correct prediction,-0.5714437
Correct prediction,-1.1747466
Incorrect prediction,-0.64047915
Correct prediction,-0.6217654
Incorrect prediction,-1.1319606
Correct prediction,-0.7744309
Incorrect prediction,-0.503607
Correct prediction,-1.2831403
Correct prediction,-0.695857
Correct prediction,-0.7509934
Correct prediction,-0.10045824
Correct prediction,-0.77409357
Correct prediction,-0.960769
Correct prediction,-1.1113572
Correct prediction,-1.1553197
Correct prediction,-0.66653603
Correct prediction,-0.94866794
Incorrect prediction,-0.9482685
Incorrect prediction,-0.8837142
Incorrect prediction,-0.8484947
Correct prediction,-0.9229546
Correct prediction,-1.0958769
Correct prediction,-0.6234063
Correct prediction,-0.8659322
Correct prediction,-1.1785511
Incorrect prediction,-0.7523631
Correct prediction,-0.38086915
Correct prediction,-1.1006087
Correct prediction,-1.1727662
Correct prediction,-0.99109143
Correct prediction,-1.2390889
Incorrect prediction,-0.74780583
Correct prediction,-0.8430285
Incorrect prediction,-0.7985802
Correct prediction,-1.2125015
Correct prediction,-1.2126747
Correct prediction,-0.916046
Correct prediction,-1.3662583
Correct prediction,-0.995611
Correct prediction,-0.6810038
Correct prediction,-0.60603505
Correct prediction,-1.3086225
Correct prediction,-1.2650687
Correct prediction,-0.8340756
Correct prediction,-0.62345374
Correct prediction,-1.1595435
Incorrect prediction,-0.5293105
Correct prediction,-1.1799195
Incorrect prediction,-0.5750303
Correct prediction,-1.0524174
Correct prediction,-1.0292948
Correct prediction,-0.5886371
Correct prediction,-1.1234815
Correct prediction,-0.82950705
Correct prediction,-1.3875064
Incorrect prediction,-0.850523
Correct prediction,-1.0222964
Correct prediction,-0.7299606
Correct prediction,-0.28594917
Correct prediction,-0.42997542
Correct prediction,-0.20604418
Correct prediction,-1.3792989
Correct prediction,-0.3658413
Incorrect prediction,-0.9309112
Correct prediction,-1.1424245
Correct prediction,-1.0436603
Correct prediction,-0.6021495
Incorrect prediction,-1.153332
Correct prediction,-0.5951737
Correct prediction,-0.87443024
Correct prediction,-0.96872723
Correct prediction,-0.8595614
Correct prediction,-0.83860165
Correct prediction,-0.49652603
Correct prediction,-1.1150508
Correct prediction,-1.2436796
Correct prediction,-1.4871541
Incorrect prediction,-0.59942317
Correct prediction,-1.0118077
Correct prediction,-0.98486996
Correct prediction,-0.9975802
Correct prediction,-0.661075
Correct prediction,-1.0805918
Correct prediction,-0.9958532
Correct prediction,-1.523595
Correct prediction,-0.8073848
Correct prediction,-1.4247829
Correct prediction,-0.9583844
Correct prediction,-1.1723931
Correct prediction,-0.7925747
Incorrect prediction,-0.9497514
Correct prediction,-0.81470394
Correct prediction,-0.99096876
Correct prediction,-0.9073962
Correct prediction,-1.1481832
Correct prediction,-1.0831512
Correct prediction,-1.0659282
Correct prediction,-0.88669026
Correct prediction,-0.6326125
Correct prediction,-1.2233174
Correct prediction,-1.0816929
Incorrect prediction,-0.44465798
Correct prediction,-0.44580138
Correct prediction,-0.90058476
Correct prediction,-0.5982902
Correct prediction,-0.9764346
Correct prediction,-0.9243041
Correct prediction,-0.56355894
Correct prediction,-0.6321065
Correct prediction,-0.5870112
Correct prediction,-1.4918685
Correct prediction,-0.6991482
Incorrect prediction,-1.1132087
Correct prediction,-1.3586141
Correct prediction,-0.73773134
Correct prediction,-0.9393015
Correct prediction,-0.83614683
Correct prediction,-0.7118315
Correct prediction,-0.8566415
Correct prediction,-1.0491493
Correct prediction,-0.7109873
Correct prediction,-0.64430857
Correct prediction,-1.0066445
Incorrect prediction,-0.7804824
Correct prediction,-1.0695518
Incorrect prediction,-0.16744947
Correct prediction,-1.2308699
Correct prediction,-0.6960018
Correct prediction,-1.2401063
Incorrect prediction,-1.327193
Correct prediction,-0.8638653
Correct prediction,-1.0008365
Correct prediction,-0.89629847
Correct prediction,-1.0488331
Correct prediction,-1.0183836
Correct prediction,-0.98530763
Correct prediction,-0.8630089
Incorrect prediction,-0.6718795
Correct prediction,-0.50731754
Correct prediction,-0.8865294
Correct prediction,-1.1021495
Correct prediction,-1.2245808
Correct prediction,-0.47584608
Incorrect prediction,-0.6754594
Correct prediction,-0.9083007
Correct prediction,-0.6906043
Correct prediction,-0.9724608
Correct prediction,-1.0820299
Correct prediction,-1.0324608
Correct prediction,-0.9588468
Correct prediction,-0.78875047
Correct prediction,-0.82272196
Correct prediction,-1.1765624
Correct prediction,-0.99481803
Correct prediction,-0.93161464
Incorrect prediction,-0.6856071
Correct prediction,-1.3196136
Correct prediction,-0.43101838
Correct prediction,-0.74159795
Correct prediction,-0.6585167
Correct prediction,-0.68303645
Incorrect prediction,-0.63152665
Correct prediction,-0.73089164
Correct prediction,-0.51714075
Correct prediction,-0.79326814
Correct prediction,-0.44330585
Incorrect prediction,-0.41775373
Correct prediction,-0.5721458
Correct prediction,-1.3108709
Correct prediction,-0.8665791
Correct prediction,-0.39932323
Correct prediction,-0.96239376
Incorrect prediction,-0.32076377
Correct prediction,-0.81894076
Correct prediction,-0.8620989
Incorrect prediction,-0.92005986
Correct prediction,-1.2161232
Correct prediction,-1.2313389
Correct prediction,-1.3645047
Incorrect prediction,-0.6201028
Correct prediction,-0.6814558
Correct prediction,-0.78897744
Correct prediction,-1.0313226
Correct prediction,-0.9051474
Correct prediction,-1.0711615
Correct prediction,-0.8292823
Correct prediction,-0.9166689
Correct prediction,-0.81824887
Correct prediction,-0.81159014
Correct prediction,-0.9072401
Correct prediction,-0.64250773
Correct prediction,-1.0079594
Correct prediction,-0.46380284
Correct prediction,-0.8420546
Correct prediction,-0.8887345
Correct prediction,-0.9151142
Correct prediction,-0.86574674
Correct prediction,-0.16932876
Correct prediction,-0.6005329
Correct prediction,-1.2203336
Correct prediction,-1.1655535
Correct prediction,-1.0882434
Correct prediction,-0.46033618
Correct prediction,-0.8609484
Incorrect prediction,-0.57705486
Correct prediction,-1.0034709
Correct prediction,-0.536462
Correct prediction,-1.0719619
Correct prediction,-1.2481216
Correct prediction,-1.1423662
Correct prediction,-1.3955233
Correct prediction,-1.0577956
Correct prediction,-1.1373421
Correct prediction,-0.6354597
Correct prediction,0.05251827
Correct prediction,-0.86096245
Correct prediction,-0.6914476
Correct prediction,-0.9938281
Correct prediction,-1.0834109
Incorrect prediction,-0.7265799
Correct prediction,-0.84551406
Correct prediction,-1.0722007
Correct prediction,-0.7842545
Correct prediction,-0.83194566
Correct prediction,-0.8208198
Incorrect prediction,-0.8758854
Correct prediction,-1.191712
Incorrect prediction,-0.75856984
Incorrect prediction,-0.6643865
Correct prediction,-1.3287736
Incorrect prediction,-0.6893142
Incorrect prediction,-0.7253682
Correct prediction,-0.8522873
Correct prediction,-0.4446856
Correct prediction,-0.55256015
Incorrect prediction,-0.5147088
Correct prediction,-0.6599335
Correct prediction,-0.8324227
Correct prediction,-1.0560975
Incorrect prediction,-0.6096376
Correct prediction,-0.60927206
Correct prediction,-0.5765589
Correct prediction,-0.87177193
Correct prediction,-0.93680257
Correct prediction,-1.2396448
Correct prediction,-1.0111585
Correct prediction,-1.0870358
Correct prediction,-0.77636683
Incorrect prediction,-0.61444926
Incorrect prediction,-0.84165835
Incorrect prediction,-0.38661635
Correct prediction,-1.0980912
Correct prediction,-0.69240063
Correct prediction,-0.73316073
Correct prediction,-1.070605
Correct prediction,-0.4355359
Incorrect prediction,-0.11767836
Correct prediction,0.35579774
Correct prediction,-1.119588
Correct prediction,-1.1231935
Correct prediction,-0.9267389
Correct prediction,-0.65037966
Correct prediction,-1.1079832
Correct prediction,-0.6892579
Incorrect prediction,-1.3068649
Correct prediction,-1.4678143
Correct prediction,-0.9712131
Correct prediction,-1.1916455
Correct prediction,-1.0451517
Correct prediction,-0.94011086
Incorrect prediction,-0.7215828
Incorrect prediction,-0.81710845
Correct prediction,-1.3025202
Correct prediction,-1.0876248
Correct prediction,-0.7993831
Correct prediction,-0.8582774
Correct prediction,0.85153145
Incorrect prediction,-0.23683338
Correct prediction,-1.075772
Correct prediction,-1.1167219
Correct prediction,-0.91144
Incorrect prediction,-0.913631
Incorrect prediction,-0.8523264
Correct prediction,-0.74403375
Correct prediction,-0.991953
Correct prediction,-1.3324463
Correct prediction,-1.2153817
Correct prediction,-0.9897793
Correct prediction,-1.1153105
Incorrect prediction,-0.32614645
Correct prediction,-0.5999022
Incorrect prediction,-1.2908218
Correct prediction,-0.95087636
Correct prediction,-0.90557396
Correct prediction,-0.85300815
Correct prediction,-0.7860659
Correct prediction,-0.6653495
Correct prediction,-0.89879835
Incorrect prediction,-0.3069335
Correct prediction,-1.2207848
Correct prediction,-1.13826
Correct prediction,-1.0856652
Correct prediction,-0.91647947
Correct prediction,-0.8873689
Correct prediction,-1.155564
Correct prediction,-0.42465305
Correct prediction,-0.65251637
Incorrect prediction,-0.87480307
Correct prediction,-0.66101253
Correct prediction,-0.36513507
Correct prediction,-1.6437066
Correct prediction,-0.35086846
Correct prediction,-0.93260825
Correct prediction,-0.7385076
Correct prediction,-0.839496
Incorrect prediction,-0.44948715
Incorrect prediction,-0.9732052
Correct prediction,-0.9111453
Correct prediction,-0.8935087
Correct prediction,-1.2301322
Correct prediction,-0.7454033
Correct prediction,-0.80212146
Correct prediction,-0.51207
Correct prediction,-1.2324547
Incorrect prediction,-0.5852171
Correct prediction,-0.77802676
Correct prediction,-0.3625766
Correct prediction,-1.0251429
Correct prediction,-1.112193
Correct prediction,-1.2729053
Incorrect prediction,-0.89137673
Correct prediction,-1.1669835
Correct prediction,-0.8507177
Correct prediction,-0.99285114
Correct prediction,-1.3063519
Correct prediction,-0.9965664
Incorrect prediction,-1.1203425
Correct prediction,-1.028195
Incorrect prediction,-0.49509758
Incorrect prediction,-0.4082982
Correct prediction,-0.93047345
Correct prediction,-1.1535404
Correct prediction,-0.57600594
Correct prediction,-0.8335005
Incorrect prediction,-0.7518972
Correct prediction,-0.2991358
Correct prediction,-0.8151496
Correct prediction,-0.51123756
Correct prediction,-0.73037875
Correct prediction,-1.1509113
Correct prediction,-0.96145433
Correct prediction,-0.51094013
Correct prediction,-0.92934734
Correct prediction,-0.82236236
Correct prediction,-1.0927029
Correct prediction,-0.6625826
Correct prediction,-1.1381207
Correct prediction,-0.87749785
Correct prediction,-0.79365873
Correct prediction,-0.6367181
Correct prediction,-0.5141166
Correct prediction,-0.5778792
Correct prediction,-0.86064726
Correct prediction,-0.9685972
Correct prediction,-1.2327037
Incorrect prediction,-0.7953778
Correct prediction,-0.5998975
Correct prediction,-0.9616125
Incorrect prediction,-0.94664705
Correct prediction,-1.0303122
Correct prediction,-0.799554
Correct prediction,-1.009612
Correct prediction,-1.4196141
Incorrect prediction,-0.6490895
Correct prediction,-0.9933665
Incorrect prediction,-0.94183
Incorrect prediction,-0.89491403
Correct prediction,-1.2702017
Correct prediction,-0.66075826
Correct prediction,-1.2024302
Correct prediction,-0.7252066
Correct prediction,-0.7438424
Correct prediction,-0.6946425
Correct prediction,-0.37123638
Correct prediction,-1.99189
Correct prediction,-0.7830886
Correct prediction,-0.6025645
Correct prediction,-1.3427126
Correct prediction,-0.9055668
Correct prediction,-0.8059337
Correct prediction,-1.0372628
Correct prediction,-0.72510237
Incorrect prediction,-0.9459538
Correct prediction,-0.43617454
Incorrect prediction,-0.60786587
Incorrect prediction,-0.9947729
Correct prediction,-1.031801
Correct prediction,-0.9056571
Correct prediction,-1.1125673
Correct prediction,-0.7773171
Correct prediction,-0.5557691
Correct prediction,-0.73193645
Incorrect prediction,-0.4920639
Correct prediction,-0.6519248
Correct prediction,-0.74158293
Correct prediction,-1.093512
Correct prediction,-0.7333507
Correct prediction,-0.97611946
Incorrect prediction,-0.42959213
Correct prediction,-1.3532209
Correct prediction,-0.5500219
Correct prediction,-0.7615294
Correct prediction,-1.076071
Correct prediction,-0.8956825
Correct prediction,-0.85865635
Correct prediction,-0.73387337
Correct prediction,-1.3493563
Correct prediction,-1.005358
Correct prediction,-0.66030985
Correct prediction,-1.2050494
Correct prediction,-1.4866598
Correct prediction,-0.8581192
Correct prediction,-1.0474646
Incorrect prediction,-0.82624304
Correct prediction,-0.9152843
Correct prediction,-0.7855792
Correct prediction,-0.695344
Correct prediction,-0.68645066
Correct prediction,-0.76934344
Correct prediction,-1.2861601
Correct prediction,-1.159086
Correct prediction,-1.108609
Correct prediction,-1.2435993
Correct prediction,-1.1081452
Correct prediction,-1.0897013
Incorrect prediction,-0.3457449
Correct prediction,-0.98953074
Correct prediction,-0.89198375
Correct prediction,-0.74958855
Incorrect prediction,-0.99482155
Incorrect prediction,-1.0578188
Correct prediction,-0.8402229
Correct prediction,-0.48070195
Correct prediction,-0.48510224
Correct prediction,-1.068616
Correct prediction,-0.641072
Correct prediction,-0.7875043
Correct prediction,-0.77388924
Correct prediction,-1.0147107
Correct prediction,-1.2467177
Correct prediction,-1.1221658
Correct prediction,-0.8573447
Correct prediction,-1.2885171
Incorrect prediction,-0.7557464
Correct prediction,-0.34652656
Incorrect prediction,-0.4312344
Correct prediction,-1.0096552
Correct prediction,-0.45621976
Correct prediction,-0.3614615
Incorrect prediction,-0.84974116
Correct prediction,-1.1247756
Correct prediction,-1.2412246
Correct prediction,-1.0591149
Incorrect prediction,-0.7405587
Incorrect prediction,-0.62813115
Incorrect prediction,-1.0159568
Correct prediction,-1.0478245
Correct prediction,-0.8436953
Correct prediction,-1.0229806
Correct prediction,-1.2820829
Correct prediction,-0.6814868
Incorrect prediction,-0.24449813
Correct prediction,-0.32514095
Correct prediction,-1.1228558
Correct prediction,-1.1194528
Correct prediction,-0.567977
Correct prediction,-1.18433
Correct prediction,-1.3853601
Correct prediction,-1.1551048
Correct prediction,-0.99984545
Correct prediction,-0.65428215
Correct prediction,-1.0901018
Correct prediction,-0.66095805
Correct prediction,-1.0062783
Correct prediction,-1.2644465
Correct prediction,-1.2953326
Correct prediction,-0.73825514
Incorrect prediction,-0.8695724
Correct prediction,-0.8860277
Correct prediction,-1.2876657
Correct prediction,-1.3375682
Correct prediction,-0.98426163
Correct prediction,-1.4022354
Correct prediction,-0.96914005
Correct prediction,-1.2380608
Correct prediction,-0.74007326
Correct prediction,-1.2084764
Correct prediction,-1.1625558
Correct prediction,-1.0958432
Correct prediction,-0.63618755
Correct prediction,-0.37380588
Correct prediction,-0.22698408
Correct prediction,-1.0035316
Correct prediction,-1.2288566
Incorrect prediction,-1.1138322
Correct prediction,-1.0812137
Correct prediction,-0.98447657
Correct prediction,-1.1062893
Incorrect prediction,-1.4207785
Correct prediction,-1.0019952
Incorrect prediction,-0.6372744
Correct prediction,-1.071734
Correct prediction,-0.8193657
Correct prediction,-0.42480263
Correct prediction,-0.8792215
Correct prediction,-0.64531165
Correct prediction,-1.3433089
Correct prediction,-1.0124669
Correct prediction,-0.8485361
Correct prediction,-0.30973575
Incorrect prediction,-0.53853357
Correct prediction,-0.44194523
Correct prediction,-0.35283953
Correct prediction,-0.68125504
Correct prediction,-0.79432344
Correct prediction,-0.9531898
Correct prediction,-1.1095629
Correct prediction,-0.72825027
Correct prediction,-0.6817655
Correct prediction,-0.5987697
Correct prediction,-0.6187832
Correct prediction,-0.28231815
Correct prediction,-1.0765581
Correct prediction,-1.4001793
Correct prediction,-0.2414466
Correct prediction,-1.2253013
Correct prediction,-0.9928545
Correct prediction,-1.0241818
Correct prediction,-0.5781805
Correct prediction,-0.7634074
Incorrect prediction,-0.7951069
Correct prediction,-1.0826393
Correct prediction,-0.95835394
Correct prediction,-1.0587955
Correct prediction,-0.73763484
Correct prediction,-0.2678868
Correct prediction,-0.8706692
Correct prediction,-1.2805784
Correct prediction,-0.69555867
Correct prediction,-0.985745
Correct prediction,-0.769652
Correct prediction,-1.160987
Incorrect prediction,-0.5159298
Correct prediction,-0.6323074
Correct prediction,-0.89387965
Correct prediction,-0.8556703
Correct prediction,-0.7037979
Correct prediction,-1.2182049
Correct prediction,-1.3786716
Incorrect prediction,-0.67432886
Correct prediction,-1.0585959
Correct prediction,-0.5881083
Correct prediction,-0.6071792
Correct prediction,-0.88264984
Incorrect prediction,-0.7058334
Incorrect prediction,-1.2576494
Correct prediction,-0.40066448
Correct prediction,-0.93875676
Correct prediction,-0.4983237
Correct prediction,-0.88297164
Correct prediction,-0.7238303
Correct prediction,-0.91141534
Correct prediction,-0.8243851
Correct prediction,-1.3286606
Correct prediction,-0.901767
Correct prediction,-0.5686576
Correct prediction,-1.1485337
Correct prediction,-0.9497187
Incorrect prediction,-0.5213411
Correct prediction,-0.36504406
Correct prediction,-1.1711936
Correct prediction,-0.77975017
Correct prediction,-1.022833
Correct prediction,-1.1195339
Correct prediction,-1.0872295
Correct prediction,-1.0509198
Correct prediction,-1.3161812
Incorrect prediction,-0.5784491
Correct prediction,-0.9087154
Correct prediction,-1.1472389
Incorrect prediction,-0.27468795
Correct prediction,-0.9252209
Correct prediction,-0.7542721
Correct prediction,-0.4848424
Correct prediction,-0.691527
Correct prediction,-1.0495077
Incorrect prediction,-0.36833
Correct prediction,-0.87529457
Correct prediction,-1.39611
Incorrect prediction,-0.835045
Incorrect prediction,-0.89906454
Correct prediction,-0.8387933
Incorrect prediction,-0.31998056
Correct prediction,-0.47474372
Correct prediction,-0.81816334
Correct prediction,-0.72953886
Correct prediction,-0.88045573
Incorrect prediction,-1.1213953
Correct prediction,-0.7933157
Correct prediction,-1.0787382
Incorrect prediction,-0.95179987
Correct prediction,-1.4726979
Incorrect prediction,-0.38273805
Incorrect prediction,-0.61806154
Correct prediction,-0.79016924
Correct prediction,-0.9492408
Incorrect prediction,-1.2263085
Correct prediction,-0.8913634
Correct prediction,-1.2671757
Correct prediction,-0.9222007
Correct prediction,-0.9386536
Incorrect prediction,-0.73708534
Correct prediction,-0.8281667
Correct prediction,-0.7832664
Correct prediction,-1.1038885
Correct prediction,-0.8015574
Correct prediction,-1.1015621
Incorrect prediction,-0.55992216
Correct prediction,-0.92578036
Correct prediction,-1.2505153
Correct prediction,-0.8918862
Correct prediction,-1.1046361
Correct prediction,-0.77511644
Correct prediction,-0.40667415
Correct prediction,-0.56171894
Correct prediction,-1.1940676
Correct prediction,-0.7799118
Correct prediction,-0.9238478
Incorrect prediction,-0.8170711
Correct prediction,-0.6755708
Correct prediction,-0.69158745
Correct prediction,-0.7884516
Correct prediction,-0.406128
Correct prediction,-0.79380953
Correct prediction,-0.652465
Correct prediction,-0.90893054
Incorrect prediction,-0.9004227
Incorrect prediction,-0.7488096
Correct prediction,-0.33259928
Correct prediction,-0.7007544
Incorrect prediction,-1.7339066
Correct prediction,-0.85035443
Correct prediction,-1.3504679
Correct prediction,-0.62173575
Correct prediction,-0.52766883
Correct prediction,-1.3466866
Correct prediction,-0.83038825
Correct prediction,-0.85652417
Correct prediction,-0.8697404
Correct prediction,-0.6801149
Correct prediction,-0.90240526
Correct prediction,-0.56308424
Correct prediction,-1.2448112
Incorrect prediction,-0.34984678
Correct prediction,-0.25656468
Correct prediction,-0.7313573
Correct prediction,-0.85731053
Correct prediction,-0.7027879
Incorrect prediction,-1.13751
Correct prediction,-1.113542
Correct prediction,-1.1365969
Correct prediction,-0.90218633
Correct prediction,-0.68914217
Correct prediction,-0.98142135
Correct prediction,-0.9593844
Correct prediction,-1.032469
Correct prediction,-0.42470992
Correct prediction,-0.93212116
Correct prediction,-1.070906
Correct prediction,-0.7542126
Correct prediction,-0.9546881
Correct prediction,-0.6065168
Correct prediction,-1.2379576
Incorrect prediction,-0.85145515
Correct prediction,-0.69387144
Correct prediction,-1.032234
Correct prediction,-1.0849968
Correct prediction,-1.1261011
Correct prediction,-0.9561833
Correct prediction,-0.70521003
Correct prediction,-0.5930294
Correct prediction,-0.84491843
Correct prediction,-0.8486098
Incorrect prediction,-0.74331933
Incorrect prediction,-1.2126665
Correct prediction,-0.9298724
Correct prediction,-1.3512708
Correct prediction,-1.165693
Correct prediction,-0.77895635
Incorrect prediction,-1.0254793
Correct prediction,-1.2610338
Correct prediction,-0.86985403
Correct prediction,-0.47096777
Incorrect prediction,-0.5372096
Correct prediction,-0.40965316
Correct prediction,-1.1709274
Correct prediction,-1.2074882
Correct prediction,-1.3431475
Incorrect prediction,-0.784319
Correct prediction,-1.1646981
Correct prediction,-0.93660396
Correct prediction,-0.5204758
Correct prediction,-0.5789677
Correct prediction,-0.35901743
Correct prediction,-0.7599398
Correct prediction,-1.2484045
Correct prediction,-1.0359777
Correct prediction,-1.3034421
Correct prediction,-0.935284
Incorrect prediction,-0.86698294
Incorrect prediction,-1.0645264
Correct prediction,-0.9438895
Correct prediction,-0.6862124
Correct prediction,-0.93966347
Correct prediction,-0.7168082
Correct prediction,-1.2789198
Correct prediction,-0.7486411
Correct prediction,-0.6494545
Correct prediction,-1.3824232
Incorrect prediction,-0.66586465
Incorrect prediction,-0.748189
Correct prediction,-0.86050534
Incorrect prediction,-0.3053497
Correct prediction,-1.0247808
Correct prediction,-0.81279606
Correct prediction,-1.1260232
Correct prediction,-1.2570459
Correct prediction,-0.84941345
Correct prediction,-1.0836054
Correct prediction,-0.3392223
Correct prediction,-1.2639732
Correct prediction,-1.008763
Correct prediction,-1.3747032
Correct prediction,-1.4756643
Correct prediction,-0.85759073
Correct prediction,-0.7816019
Correct prediction,-1.0263519
Incorrect prediction,-0.48517698
Correct prediction,-0.22715417
Incorrect prediction,-0.6833117
Correct prediction,-0.5315264
Correct prediction,-0.8893698
Correct prediction,-0.48801458
Correct prediction,-0.89135504
Correct prediction,-0.92023087
Correct prediction,-0.9752046
Correct prediction,-0.85895914
Correct prediction,-1.1012139
Incorrect prediction,-1.0111543
Correct prediction,-1.2760944
Correct prediction,-0.9736909
Incorrect prediction,-0.9405945
Incorrect prediction,-0.21060903
Correct prediction,-0.86534417
Correct prediction,-0.098603986
Correct prediction,-1.3174984
Correct prediction,-0.8525112
Correct prediction,-0.707363
Correct prediction,-0.94568384
Correct prediction,-0.9104382
Correct prediction,-1.0629388
Incorrect prediction,-0.9160352
Correct prediction,-0.85714185
Correct prediction,-1.3903426
Correct prediction,-0.20600244
Correct prediction,-1.3775631
Incorrect prediction,-0.3962501
Correct prediction,-1.0744089
Correct prediction,-1.1861299
Correct prediction,-0.67280257
Incorrect prediction,-0.44928733
Correct prediction,-0.76972353
Correct prediction,-0.64094794
Correct prediction,-1.0139629
Correct prediction,-0.8446563
Correct prediction,-0.7751355
Correct prediction,-1.193689
Correct prediction,-1.0890527
Correct prediction,-0.66007626
Correct prediction,-0.7417551
Correct prediction,-0.48585197
Correct prediction,-0.82541144
Correct prediction,-0.9157616
Correct prediction,-1.2719032
Correct prediction,-0.8230377
Incorrect prediction,-0.67431873
Correct prediction,-1.1904951
Correct prediction,-1.0591863
Correct prediction,-1.002578
Incorrect prediction,-0.44704804
Correct prediction,-0.51979214
Incorrect prediction,-0.13535164
Correct prediction,-1.0590922
Correct prediction,-0.9069064
Correct prediction,-0.89209884
Correct prediction,-0.96128273
Correct prediction,-0.8303376
Correct prediction,-1.0106581
Correct prediction,-0.67417353
Correct prediction,-1.1454943
Correct prediction,-0.75931215
Correct prediction,-0.6433915
Correct prediction,-0.86493254
Correct prediction,-0.55186975
Correct prediction,-0.20736562
Incorrect prediction,-0.6044487
Correct prediction,-0.8960553
Incorrect prediction,-0.5629066
Correct prediction,-1.1959239
Correct prediction,-0.69680274
Correct prediction,-1.1795388
Correct prediction,-1.1167727
Incorrect prediction,-0.43311962
Correct prediction,-0.8347419
Correct prediction,-0.6648773
Correct prediction,-0.81561005
Correct prediction,-0.9413482
Correct prediction,-0.6444872
Incorrect prediction,-0.86266285
Correct prediction,-0.91417795
Correct prediction,-0.5754308
Correct prediction,-0.847765
Correct prediction,-0.91736853
Correct prediction,-0.91470426
Correct prediction,-1.259893
Correct prediction,-0.64541095
Correct prediction,-1.0429385
Correct prediction,-0.900114
Correct prediction,-1.1272094
Correct prediction,-0.93031627
Correct prediction,-0.22137462
Correct prediction,-1.1581795
Correct prediction,-1.2760116
Correct prediction,-0.77340347
Correct prediction,-0.98992044
Incorrect prediction,-0.32260916
Correct prediction,-1.0279049
Correct prediction,-0.9446195
Correct prediction,-0.65165824
Correct prediction,-0.9919979
Incorrect prediction,-0.87205386
Correct prediction,-0.96818024
Correct prediction,-0.81152654
Correct prediction,-0.3444716
Correct prediction,-0.91534084
Incorrect prediction,-0.44129822
Correct prediction,-0.61070067
Correct prediction,-0.6795618
Correct prediction,-0.9658204
Correct prediction,-0.63360673
Correct prediction,-0.9950377
Incorrect prediction,-0.9152315
Correct prediction,-0.6406233
Correct prediction,-1.0384994
Correct prediction,-1.1274387
Correct prediction,-0.65762216
Correct prediction,-0.8214619
Incorrect prediction,-0.77541065
Correct prediction,-1.1372138
Correct prediction,-1.0689412
Correct prediction,-0.79186743
Incorrect prediction,-0.62220925
Correct prediction,-0.82319385
Correct prediction,-0.8041626
Correct prediction,-0.37499702
Correct prediction,-1.0656327
Correct prediction,-0.70941347
Correct prediction,-1.0489649
Correct prediction,-1.0963258
Correct prediction,-1.2860371
Correct prediction,-1.2008309
Incorrect prediction,-0.8217972
Correct prediction,-0.6578962
Correct prediction,-1.2509973
Correct prediction,-0.8279348
Correct prediction,-0.64723814
Correct prediction,-0.54351383
Correct prediction,-1.0352589
Correct prediction,-0.609667
Correct prediction,-0.5667466
Correct prediction,-0.4584998
Correct prediction,-0.3924813
Correct prediction,-1.0220965
Correct prediction,-1.0308716
Correct prediction,-0.19684291
Correct prediction,-1.0639625
Correct prediction,-0.783278
Correct prediction,-1.1492097
Correct prediction,-0.7758321
Correct prediction,-0.96518576
Correct prediction,-0.77120143
Correct prediction,-0.23349452
Correct prediction,-1.0870532
Correct prediction,-0.32126325
Correct prediction,-1.3200842
Correct prediction,-1.1063867
Correct prediction,-0.72243696
Correct prediction,-0.92982465
Incorrect prediction,-0.85938114
Correct prediction,-0.7631573
Correct prediction,-1.3648037
Correct prediction,-0.3266023
Correct prediction,-0.87945795
Correct prediction,-0.89466476
Incorrect prediction,-1.380889
Correct prediction,-0.81827897
Correct prediction,-1.03134
Correct prediction,-0.7355586
Incorrect prediction,-0.82668877
Correct prediction,-1.1328108
Incorrect prediction,-0.5198898
Correct prediction,-0.7773692
Correct prediction,-1.6152045
Correct prediction,-0.76014286
Correct prediction,-0.819044
Correct prediction,-0.9821358
Correct prediction,-0.53268516
Correct prediction,-1.311227
Correct prediction,-0.8701473
Incorrect prediction,-1.0537149
Correct prediction,-0.9476631
Correct prediction,-1.0066612
Incorrect prediction,-0.32997444
Correct prediction,-1.1622677
Correct prediction,-1.6210425
Incorrect prediction,-0.708383
Correct prediction,-1.2405455
Correct prediction,-1.0470762
Correct prediction,-0.8904416
Correct prediction,-0.73290426
Correct prediction,-1.1419963
Correct prediction,-0.6328033
Incorrect prediction,-0.5736819
Correct prediction,-0.61089313
Correct prediction,-0.6951537
Correct prediction,-1.1581423
Correct prediction,-0.906816
Incorrect prediction,-1.0057609
Incorrect prediction,-0.46177247
Incorrect prediction,-1.4557959
Correct prediction,-0.3092022
Correct prediction,-0.581287
Correct prediction,-1.3269545
Correct prediction,-0.7029593
Correct prediction,-0.9290352
Incorrect prediction,-0.35848424
Correct prediction,-0.9927502
Correct prediction,-0.98933065
Correct prediction,-1.1732954
Correct prediction,-1.0583767
Correct prediction,-0.9114566
Incorrect prediction,-0.64592934
Correct prediction,-1.0136496
Incorrect prediction,-0.8666507
Incorrect prediction,-1.2716959
Correct prediction,-0.84547955
Correct prediction,-0.6426542
Correct prediction,-1.1720883
Correct prediction,-0.5461014
Correct prediction,-1.3246754
Incorrect prediction,-1.1941029
Correct prediction,-0.7883209
Correct prediction,-0.86777127
Correct prediction,-1.2034744
Correct prediction,-0.7620704
Correct prediction,-1.1830056
Correct prediction,-1.1086475
Correct prediction,-0.55789435
Correct prediction,-0.80198675
Correct prediction,-0.63006186
Correct prediction,-1.2428904
Correct prediction,-0.8904507
Correct prediction,-0.8788161
Incorrect prediction,-0.668954
Correct prediction,-1.0392737
Correct prediction,-1.0139135
Correct prediction,-0.9735
Correct prediction,-1.3005402
Correct prediction,-1.172031
Correct prediction,-1.2064657
Correct prediction,-0.42777607
Correct prediction,-0.96470654
Correct prediction,-0.7775083
Correct prediction,-0.27345285
Incorrect prediction,-0.7014751
Correct prediction,-0.777088
Correct prediction,-1.3027223
Correct prediction,-0.7744225
Correct prediction,-0.9021986
Correct prediction,-0.41280922
Correct prediction,-0.555645
Correct prediction,-1.0940484
Incorrect prediction,-0.74082226
Incorrect prediction,-0.29851386
Correct prediction,-1.1512046
Correct prediction,-0.41394064
Correct prediction,-0.5269151
Correct prediction,-0.72746646
Correct prediction,-0.8682155
Incorrect prediction,-0.759551
Correct prediction,-0.69908327
Correct prediction,-1.0168766
Incorrect prediction,-0.46145114
Incorrect prediction,-0.7039162
Correct prediction,-0.9695478
Correct prediction,-0.75561273
Correct prediction,-1.0215834
Incorrect prediction,-0.98439825
Correct prediction,-0.65330005
Incorrect prediction,-0.7391814
Correct prediction,-0.9571926
Correct prediction,-0.7007951
Correct prediction,-0.7058741
Correct prediction,-0.27836215
Correct prediction,-1.0055776
Correct prediction,-1.1765747
Correct prediction,-1.4492531
Correct prediction,-0.94943535
Correct prediction,-0.86094576
Correct prediction,-0.88841885
Correct prediction,-1.0677581
Incorrect prediction,-0.5052051
Correct prediction,-0.7540896
Incorrect prediction,-0.73012114
Correct prediction,-1.0287081
Incorrect prediction,-0.88972634
Correct prediction,-1.0134238
Correct prediction,-1.3142695
Correct prediction,-0.70273966
Correct prediction,-1.2000213
Incorrect prediction,-0.8453049
Correct prediction,-0.99417734
Correct prediction,-0.9007342
Correct prediction,-0.92115754
Correct prediction,-0.48864886
Correct prediction,-1.1413059
Correct prediction,-0.42781547
Correct prediction,-0.71486026
Correct prediction,-0.34662688
Correct prediction,-0.98002684
Correct prediction,-1.0467888
Correct prediction,-1.2090645
Correct prediction,-1.0598801
Correct prediction,-1.1502967
Incorrect prediction,-0.4912156
Incorrect prediction,-0.7514266
Correct prediction,-0.8638507
Correct prediction,-0.93638915
Correct prediction,-1.0664256
Correct prediction,-0.83143824
Correct prediction,-1.0952309
Incorrect prediction,-0.84507513
Correct prediction,-1.3293983
Incorrect prediction,-0.65212774
Incorrect prediction,-1.2062854
Incorrect prediction,-1.3285581
Incorrect prediction,-0.7459094
Correct prediction,-1.1936889
Correct prediction,-1.0106672
Correct prediction,-0.93466747
Correct prediction,-0.5085059
Correct prediction,-0.6713309
Correct prediction,-1.0619824
Incorrect prediction,-0.6920339
Correct prediction,-0.63587177
Correct prediction,-1.3560542
Correct prediction,-0.8391776
Incorrect prediction,-1.235488
Correct prediction,-0.3490648
Correct prediction,-0.44314095
Correct prediction,-0.40965253
Incorrect prediction,-0.8207279
Correct prediction,-0.91298634
Correct prediction,-0.8732566
Correct prediction,-1.0341675
Correct prediction,-1.0294838
Correct prediction,-1.1096092
Correct prediction,-1.4708084
Correct prediction,-0.67360604
Correct prediction,-0.9074886
Incorrect prediction,-0.7652769
Incorrect prediction,-0.66665727
Correct prediction,-0.98264456
Correct prediction,-0.54134285
Correct prediction,-0.9824171
Correct prediction,-0.64625597
Correct prediction,-1.0875498
Correct prediction,-0.5663211
Correct prediction,-1.1363378
Correct prediction,-0.72493213
Correct prediction,-0.74259037
Correct prediction,-0.87443995
Incorrect prediction,-0.5517645
Correct prediction,-0.7699085
Correct prediction,-0.781979
Correct prediction,-0.6998931
Correct prediction,-0.45381355
Correct prediction,-1.2009195
Correct prediction,-1.1184814
Correct prediction,-0.5646236
Incorrect prediction,-0.7257735
Correct prediction,-0.4039914
Correct prediction,-0.41654447
Correct prediction,-1.2646163
Correct prediction,-0.5270584
Incorrect prediction,-0.74927485
Correct prediction,-1.1161577
Incorrect prediction,-0.94175786
Correct prediction,-1.0457116
Correct prediction,-1.0130832
Correct prediction,-0.33466756
Correct prediction,-0.661153
Correct prediction,-0.8985974
Correct prediction,-0.84480536
Correct prediction,-0.8289183
Correct prediction,-0.69863796
Incorrect prediction,-0.5414412
Incorrect prediction,-1.1398629
Correct prediction,-0.46216235
Correct prediction,-1.3590977
Correct prediction,-1.3134688
Incorrect prediction,-0.76198566
Correct prediction,-1.3118482
Incorrect prediction,-0.78905743
Correct prediction,-1.0332828
Correct prediction,-0.78260857
Correct prediction,-1.1924595
Correct prediction,-0.7910282
Correct prediction,-0.730724
Correct prediction,-0.6678758
Correct prediction,-0.83694786
Correct prediction,-1.8023978
Correct prediction,-1.0187004
Correct prediction,-0.58332664
Incorrect prediction,-0.88546157
Correct prediction,-0.19841105
Correct prediction,-0.86202997
Incorrect prediction,-0.699368
Correct prediction,-0.58078486
Correct prediction,-0.7473847
Correct prediction,-0.22099182
Correct prediction,-0.563888
Correct prediction,-1.3332808
Correct prediction,-1.1730889
Correct prediction,-0.4408345
Correct prediction,-0.9410209
Correct prediction,-1.0857093
Correct prediction,-1.0737327
Correct prediction,-0.87788785
Correct prediction,-0.28177753
Correct prediction,-0.8620317
Incorrect prediction,-0.98060244
Correct prediction,-0.75968206
Incorrect prediction,-0.59434366
Correct prediction,-0.9966776
Correct prediction,-0.75654536
Correct prediction,-0.67036587
Correct prediction,-0.8899116
Correct prediction,-0.24526718
Correct prediction,-0.8749451
Correct prediction,-0.979733
Correct prediction,-0.567367
Correct prediction,-0.5695041
Correct prediction,-0.67816097
Correct prediction,-1.2365928
Correct prediction,-0.61149013
Correct prediction,-1.2201821
Correct prediction,-0.49213654
Incorrect prediction,-0.23278186
Incorrect prediction,-1.0073254
Correct prediction,-1.2191603
Incorrect prediction,-0.5722122
Correct prediction,-0.7023031
Correct prediction,-0.6560361
Correct prediction,-0.60274166
Correct prediction,-0.8803818
Correct prediction,-0.93976766
Correct prediction,-0.37851483
Correct prediction,-0.66388935
Correct prediction,-0.78926396
Correct prediction,-0.7060558
Correct prediction,-0.9691948
Correct prediction,-0.84529674
Correct prediction,-0.4992807
Incorrect prediction,-0.9002105
Correct prediction,-1.1004721
Correct prediction,-0.97531974
Correct prediction,-0.7452345
Correct prediction,-1.0695273
Correct prediction,-0.6369909
Correct prediction,-0.57269275
Correct prediction,-0.9274331
Correct prediction,-1.5268617
Incorrect prediction,-0.25980785
Correct prediction,-0.6846269
Correct prediction,-0.52245677
Correct prediction,-0.98150104
Correct prediction,-0.67728823
Correct prediction,-0.96558666
Correct prediction,-0.54425645
Correct prediction,-0.39088756
Incorrect prediction,-0.8697574
Incorrect prediction,-0.52172494
Incorrect prediction,-0.9573605
Correct prediction,-1.1194302
Correct prediction,-0.45848754
Incorrect prediction,-0.6309183
Correct prediction,-0.87085724
Correct prediction,-0.9345764
Incorrect prediction,-0.8378988
Correct prediction,-1.0963836
Correct prediction,-0.54294187
Correct prediction,-0.8827749
Correct prediction,-0.51146406
Correct prediction,-0.76065713
Correct prediction,-0.93164736
Correct prediction,-1.0054692
Correct prediction,-0.8349385
Correct prediction,-0.6025166
Correct prediction,-0.61175144
Correct prediction,-0.81329536
Incorrect prediction,-0.81557107
Correct prediction,-0.9723227
Correct prediction,-1.0297493
Correct prediction,-0.6535498
Correct prediction,-1.1744072
Correct prediction,-1.2186059
Correct prediction,-0.6929575
Correct prediction,-0.9498585
Correct prediction,-0.92651254
Incorrect prediction,-0.6206276
Correct prediction,-0.74098766
Correct prediction,-0.5293661
Correct prediction,-0.5924719
Correct prediction,-0.9931775
Correct prediction,-0.5486145
Correct prediction,-0.63555443
Correct prediction,-0.4691417
Correct prediction,-1.0517088
Incorrect prediction,-0.9495724
Correct prediction,-1.3684101
Correct prediction,-1.1461569
Correct prediction,-0.8705373
Incorrect prediction,-0.6169661
Incorrect prediction,-1.120576
Incorrect prediction,-0.4437729
Correct prediction,-0.4831974
Correct prediction,-1.1227154
Correct prediction,-0.8867051
Correct prediction,-0.6892389
Incorrect prediction,-0.34322786
Incorrect prediction,-0.5157621
Correct prediction,-1.3322457
Correct prediction,-1.4357594
Correct prediction,-0.34044322
Correct prediction,-0.197752
Correct prediction,-0.87873423
Correct prediction,-0.81262815
Incorrect prediction,-0.21413594
Incorrect prediction,-0.5814955
Correct prediction,-1.0148585
Correct prediction,-0.628787
Correct prediction,-0.9224141
Correct prediction,-0.7890155
Correct prediction,-0.7286533
Correct prediction,-1.3923417
Correct prediction,-0.6987033
Correct prediction,-0.387066
Correct prediction,-1.2639954
Correct prediction,-1.1086117
Correct prediction,-1.6037809
Correct prediction,-0.8578072
Correct prediction,-0.7867553
Correct prediction,-0.82707506
Correct prediction,-0.8421936
Correct prediction,-0.47595602
Incorrect prediction,-0.49034452
Correct prediction,-0.40385652
Correct prediction,-0.6987668
Correct prediction,-0.4242596
Correct prediction,-0.9542078
Incorrect prediction,-0.56034
Correct prediction,-0.71899796
Correct prediction,-0.67034453
Correct prediction,-1.1252828
Correct prediction,-1.3028356
Correct prediction,-0.98974967
Correct prediction,-0.8640958
Correct prediction,-1.2712739
Correct prediction,-1.2937938
Incorrect prediction,-0.7765364
Correct prediction,-1.0348893
Incorrect prediction,-0.6063207
Correct prediction,-0.7556489
Correct prediction,-0.7624915
Correct prediction,-0.96746445
Correct prediction,-0.905943
Incorrect prediction,-0.7194359
Incorrect prediction,-1.2386512
Correct prediction,-1.0098827
Correct prediction,-0.6137388
Correct prediction,-1.0597787
Correct prediction,-0.67207545
Correct prediction,-1.1059685
Correct prediction,-1.1242362
Correct prediction,-0.61110175
Correct prediction,-0.8866821
Correct prediction,-0.45662844
Correct prediction,-0.67423964
Correct prediction,-1.0346097
Correct prediction,-0.2773333
Correct prediction,-1.2517661
Correct prediction,-0.9735792
Correct prediction,-0.814403
Correct prediction,-0.57786196
Correct prediction,-1.0127964
Correct prediction,-0.45812228
Correct prediction,-1.1304755
Incorrect prediction,-0.708735
Correct prediction,-0.7414657
Correct prediction,-0.9174254
Correct prediction,-0.6427692
Correct prediction,-0.7725145
Incorrect prediction,-1.0065926
Correct prediction,-0.59163946
Correct prediction,-0.7753851
Correct prediction,-0.060525257
Correct prediction,-0.90909225
Correct prediction,-0.6159582
Correct prediction,-1.0373094
Correct prediction,-0.9769854
Correct prediction,-1.1670015
Correct prediction,-1.0159764
Correct prediction,-1.2605758
Correct prediction,-0.92368686
Correct prediction,-0.7021501
Incorrect prediction,-0.48877946
Correct prediction,-0.97372514
Correct prediction,-0.5919521
Correct prediction,-0.9104549
Correct prediction,-0.644515
Incorrect prediction,-0.8276002
Correct prediction,-0.56006914
Correct prediction,-1.4238693
Correct prediction,-0.7461036
Incorrect prediction,-0.6430701
Correct prediction,-0.6245572
Incorrect prediction,-0.90123874
Correct prediction,-1.0061004
Correct prediction,-0.84173566
Correct prediction,-0.16333309
Correct prediction,-1.1135602
Correct prediction,-0.9159043
Incorrect prediction,-0.9088858
Correct prediction,-0.8226712
Correct prediction,-0.9416845
Correct prediction,-0.5475303
Correct prediction,-0.9022043
Correct prediction,-0.98547214
Incorrect prediction,-0.7123375
Correct prediction,-0.30023852
Incorrect prediction,-0.8054808
Correct prediction,-1.0574622
Correct prediction,-1.1311979
Correct prediction,-0.9865663
Correct prediction,-0.79928136
